Ingredient,Gluten,Crustaceans,Eggs,Fish,Peanuts,Soybeans,Milk,Nuts,Celery,Mustard,Sesame,Sulphites,Lupin,Molluscs
abalone,0,0,0,1,0,0,0,0,0,0,0,0,0,1
acidulated water,0,0,0,0,0,0,0,0,0,0,0,0,0,0
aduki beans,0,0,0,0,0,0,0,0,0,0,0,0,0,0
alcoholic drink,0,0,0,0,0,0,0,0,0,0,0,0,0,0
alfalfa sprouts,0,0,0,0,0,0,0,0,0,0,0,0,0,0
amaranth,0,0,0,0,0,0,0,0,0,0,0,0,0,0
anise,0,0,0,0,0,0,0,0,0,0,0,0,0,0
arbroath smokie,0,0,0,1,0,0,0,0,0,0,0,0,0,0
asafoetida,0,0,0,0,0,0,0,0,0,0,0,0,0,0
aspartame,0,0,0,0,0,0,0,0,0,0,0,0,0,0
aspic,0,0,0,0,0,0,0,0,0,0,0,0,0,0
babaco,0,0,0,0,0,0,0,0,0,0,0,0,0,0
baked apple,0,0,0,0,0,0,0,0,0,0,0,0,0,0
bamboo shoots,0,0,0,0,0,0,0,0,0,0,0,0,0,0
barbary duck,0,0,0,0,0,0,0,0,0,0,0,0,0,0
barcelona nuts,0,0,0,0,0,0,0,1,0,0,0,0,0,0
barley,1,0,0,0,0,0,0,0,0,0,0,0,0,0
barley water,1,0,0,0,0,0,0,0,0,0,0,0,0,0
bay boletes,0,0,0,0,0,0,0,0,0,0,0,0,0,0
beansprouts,0,0,0,0,0,0,0,0,0,0,0,0,0,0
beef consomme,0,0,0,0,0,0,0,0,0,0,0,0,0,0
beef flank,0,0,0,0,0,0,0,0,0,0,0,0,0,0
beef rump,0,0,0,0,0,0,0,0,0,0,0,0,0,0
beer,1,0,0,0,0,0,0,0,0,0,0,0,0,0
betel leaves,0,0,0,0,0,0,0,0,0,0,0,0,0,0
betel nuts,0,0,0,0,0,0,0,1,0,0,0,0,0,0
beurre manie,1,0,0,0,0,0,1,0,0,0,0,0,0,0
bierwurst,0,0,0,0,0,0,0,0,0,0,0,0,0,0
bilberries,0,0,0,0,0,0,0,0,0,0,0,0,0,0
bitter orange,0,0,0,0,0,0,0,0,0,0,0,0,0,0
blachan,0,0,0,1,0,0,0,0,0,0,0,0,0,0
blackcurrant seed oil,0,0,0,0,0,0,0,0,0,0,0,0,0,0
black bream,0,0,0,1,0,0,0,0,0,0,0,0,0,0
black pepper,0,0,0,0,0,0,0,0,0,0,0,0,0,0
black sesame seeds,0,0,0,0,0,0,0,0,0,0,1,0,0,0
bluefin tuna,0,0,0,1,0,0,0,0,0,0,0,0,0,0
bok choi,0,0,0,0,0,0,0,0,0,0,0,0,0,0
bombay duck,0,0,0,1,0,0,0,0,0,0,0,0,0,0
bombay mix,0,0,0,0,1,0,0,1,0,0,0,0,0,0
bonito,0,0,0,1,0,0,0,0,0,0,0,0,0,0
borlotti bean,0,0,0,0,0,0,0,0,0,0,0,0,0,0
boysenberry,0,0,0,0,0,0,0,0,0,0,0,0,0,0
brain,0,0,0,0,0,0,0,0,0,0,0,0,0,0
brassica,0,0,0,0,0,0,0,0,0,0,0,0,0,0
bratwurst,0,0,0,0,0,0,0,0,0,0,0,0,0,0
breadnut,0,0,0,0,0,0,0,1,0,0,0,0,0,0
bresaola,0,0,0,0,0,0,0,0,0,0,0,0,0,0
bridie,1,0,0,0,0,0,0,0,0,0,0,0,0,0
brie cheese,0,0,0,0,0,0,1,0,0,0,0,0,0,0
brill,0,0,0,1,0,0,0,0,0,0,0,0,0,0
capon,0,0,0,0,0,0,0,0,0,0,0,0,0,0
capsicum,0,0,0,0,0,0,0,0,0,0,0,0,0,0
caraway seeds,0,0,0,0,0,0,0,0,0,0,0,0,0,0
cardoon,0,0,0,0,0,0,0,0,0,0,0,0,0,0
carob,0,0,0,0,0,0,0,0,0,0,0,0,0,0
carp,0,0,0,1,0,0,0,0,0,0,0,0,0,0
carrageen moss,0,0,0,0,0,0,0,0,0,0,0,0,0,0
cashew fruit,0,0,0,0,0,0,0,1,0,0,0,0,0,0
cassava,0,0,0,0,0,0,0,0,0,0,0,0,0,0
catfish,0,0,0,1,0,0,0,0,0,0,0,0,0,0
caul fat,0,0,0,0,0,0,0,0,0,0,0,0,0,0
cava,0,0,0,0,0,0,0,0,0,0,0,0,0,0
caviar,0,0,0,1,0,0,0,0,0,0,0,0,0,0
cayenne pepper,0,0,0,0,0,0,0,0,0,0,0,0,0,0
celery,0,0,0,0,0,0,0,0,1,0,0,0,0,0
celery seeds,0,0,0,0,0,0,0,0,1,0,0,0,0,0
cervelat,0,0,0,0,0,0,0,0,0,0,0,0,0,0
champagne,0,0,0,0,0,0,0,0,0,0,0,0,0,0
charcuterie,0,0,0,0,0,0,0,0,0,0,0,0,0,0
charlotte potato,0,0,0,0,0,0,0,0,0,0,0,0,0,0
chayote,0,0,0,0,0,0,0,0,0,0,0,0,0,0
cheese,0,0,0,0,0,0,1,0,0,0,0,0,0,0
cheese pastry,1,0,0,0,0,0,1,0,0,0,0,0,0,0
cheshire cheese,0,0,0,0,0,0,1,0,0,0,0,0,0,0
chilli oil,0,0,0,0,0,0,0,0,0,0,0,0,0,0
chilli powder,0,0,0,0,0,0,0,0,0,0,0,0,0,0
chili powder,0,0,0,0,0,0,0,0,0,0,0,0,0,0
chinese tea,0,0,0,0,0,0,0,0,0,0,0,0,0,0
chital,0,0,0,0,0,0,0,0,0,0,0,0,0,0
chives,0,0,0,0,0,0,0,0,0,0,0,0,0,0
clarified butter,0,0,0,0,0,0,1,0,0,0,0,0,0,0
garlic clove,0,0,0,0,0,0,0,0,0,0,0,0,0,0
cockles,0,0,0,0,0,0,0,0,0,0,0,0,0,1
cocoa butter,0,0,0,0,0,0,0,0,0,0,0,0,0,0
cod roe,0,0,0,1,0,0,0,0,0,0,0,0,0,0
coffee beans,0,0,0,0,0,0,0,0,0,0,0,0,0,0
coffee granules,0,0,0,0,0,0,0,0,0,0,0,0,0,0
cole leaves,0,0,0,0,0,0,0,0,0,0,0,0,0,0
comte cheese,0,0,0,0,0,0,1,0,0,0,0,0,0,0
conger eel,0,0,0,1,0,0,0,0,0,0,0,0,0,0
coriander seeds,0,0,0,0,0,0,0,0,0,0,0,0,0,0
cornflour,0,0,0,0,0,0,0,0,0,0,0,0,0,0
corn syrup,0,0,0,0,0,0,0,0,0,0,0,0,0,0
cos lettuce,0,0,0,0,0,0,0,0,0,0,0,0,0,0
cottage cheese,0,0,0,0,0,0,1,0,0,0,0,0,0,0
coulis,0,0,0,0,0,0,0,0,0,0,0,0,0,0
court bouillon,0,0,0,0,0,0,0,0,0,0,0,0,0,0
crabsticks,0,1,0,0,0,0,0,0,0,0,0,0,0,0
cumin,0,0,0,0,0,0,0,0,0,0,0,0,0,0
curacao,0,0,0,0,0,0,0,0,0,0,0,0,0,0
currant bread,1,0,0,0,0,0,0,0,0,0,0,0,0,0
curry leaves,0,0,0,0,0,0,0,0,0,0,0,0,0,0
custard apple,0,0,0,0,0,0,0,0,0,0,0,0,0,0
dab,0,0,0,1,0,0,0,0,0,0,0,0,0,0
daikon,0,0,0,0,0,0,0,0,0,0,0,0,0,0
dairy,0,0,0,0,0,0,1,0,0,0,0,0,0,0
danish blue,0,0,0,0,0,0,1,0,0,0,0,0,0,0
derby,0,0,0,0,0,0,1,0,0,0,0,0,0,0
dijon mustard,0,0,0,0,0,0,0,0,1,1,0,0,0,0
dosa,1,0,0,0,0,0,0,0,0,0,0,0,0,0
double gloucester,0,0,0,0,0,0,1,0,0,0,0,0,0,0
dover sole,0,0,0,1,0,0,0,0,0,0,0,0,0,0
dry sherry,0,0,0,0,0,0,0,0,0,0,0,0,0,0
durian,0,0,0,0,0,0,0,0,0,0,0,0,0,0
durrus cheese,0,0,0,0,0,0,1,0,0,0,0,0,0,0
duxelles,1,0,0,0,0,0,0,0,0,0,0,0,0,0
eau de framboise,0,0,0,0,0,0,0,0,0,0,0,0,0,0
edam,0,0,0,0,0,0,1,0,0,0,0,0,0,0
eel,0,0,0,1,0,0,0,0,0,0,0,0,0,0
egg liqueur,0,0,1,0,0,0,1,0,0,0,0,0,0,0
egg wash,0,0,1,0,0,0,0,0,0,0,0,0,0,0
elderberries,0,0,0,0,0,0,0,0,0,0,0,0,0,0
entrecote,0,0,0,0,0,0,0,0,0,0,0,0,0,0
feijoa,0,0,0,0,0,0,0,0,0,0,0,0,0,0
field mushroom,0,0,0,0,0,0,0,0,0,0,0,0,0,0
fines herbes,0,0,0,0,0,0,0,0,0,0,0,0,0,0
fish paste,0,0,0,1,0,0,0,0,0,0,0,0,0,0
fleur de sel,0,0,0,0,0,0,0,0,0,0,0,0,0,0
flounder,0,0,0,1,0,0,0,0,0,0,0,0,0,0
flour,1,0,0,0,0,0,0,0,0,0,0,0,0,0
flying fish,0,0,0,1,0,0,0,0,0,0,0,0,0,0
foie gras,0,0,0,0,0,0,0,0,0,0,0,0,0,0
fondant icing,0,0,0,0,0,0,0,0,0,0,0,0,0,0
fontina cheese,0,0,0,0,0,0,1,0,0,0,0,0,0,0
fortified wine,0,0,0,0,0,0,0,0,0,0,0,0,0,0
fougasse loaf,1,0,0,0,0,0,0,0,0,0,0,0,0,0
frankfurter,0,0,0,0,0,0,0,0,0,0,0,0,0,0
french onion,0,0,0,0,0,0,0,0,0,0,0,0,0,0
frosting,0,0,0,0,0,0,0,0,0,0,0,0,0,0
fruit as vegetable,0,0,0,0,0,0,0,0,0,0,0,0,0,0
fruit soda,0,0,0,0,0,0,0,0,0,0,0,0,0,0
fumet,0,0,0,1,0,0,0,0,0,0,0,0,0,0
funghi,0,0,0,0,0,0,0,0,0,0,0,0,0,0
galangal,0,0,0,0,0,0,0,0,0,0,0,0,0,0
garam masala,0,0,0,0,0,0,0,0,0,0,0,0,0,0
gari,0,0,0,0,0,0,0,0,0,0,0,0,0,0
garlic and herb cream cheese,0,0,0,0,0,0,1,0,0,0,0,0,0,0
ginger beer,0,0,0,0,0,0,0,0,0,0,0,0,0,0
glace icing,0,0,0,0,0,0,0,0,0,0,0,0,0,0
goats milk,0,0,0,0,0,0,1,0,0,0,0,0,0,0
gourd,0,0,0,0,0,0,0,0,0,0,0,0,0,0
granadilla,0,0,0,0,0,0,0,0,0,0,0,0,0,0
grapefruit juice,0,0,0,0,0,0,0,0,0,0,0,0,0,0
grapeseed oil,0,0,0,0,0,0,0,0,0,0,0,0,0,0
grape juice,0,0,0,0,0,0,0,0,0,0,0,0,0,0
greengages,0,0,0,0,0,0,0,0,0,0,0,0,0,0
green banana,0,0,0,0,0,0,0,0,0,0,0,0,0,0
green tea,0,0,0,0,0,0,0,0,0,0,0,0,0,0
gremolata,0,0,0,0,0,0,0,0,0,0,0,0,0,0
grey mullet,0,0,0,1,0,0,0,0,0,0,0,0,0,0
grouse,0,0,0,0,0,0,0,0,0,0,0,0,0,0
guinea fowl,0,0,0,0,0,0,0,0,0,0,0,0,0,0
habanero chillies,0,0,0,0,0,0,0,0,0,0,0,0,0,0
halibut,0,0,0,1,0,0,0,0,0,0,0,0,0,0
hazelnut oil,0,0,0,0,0,0,0,1,0,0,0,0,0,0
heart,0,0,0,0,0,0,0,0,0,0,0,0,0,0
herb,0,0,0,0,0,0,0,0,0,0,0,0,0,0
herbal liqueur,0,0,0,0,0,0,0,0,0,0,0,0,0,0
herbal tea,0,0,0,0,0,0,0,0,0,0,0,0,0,0
herring roe,0,0,0,1,0,0,0,0,0,0,0,0,0,0
hogget,0,0,0,0,0,0,0,0,0,0,0,0,0,0
hoki,0,0,0,1,0,0,0,0,0,0,0,0,0,0
hominy,0,0,0,0,0,0,0,0,0,0,0,0,0,0
horn of plenty,0,0,0,0,0,0,0,0,0,0,0,0,0,0
horseradish,0,0,0,0,0,0,0,0,0,0,0,0,0,0
horseradish sauce,0,0,0,0,0,0,0,0,0,0,0,0,0,0
hunza apricots,0,0,0,0,0,0,0,0,0,0,0,0,0,0
hyssop,0,0,0,0,0,0,0,0,0,0,0,0,0,0
jaffa cake,1,0,0,0,0,0,0,0,0,0,0,0,0,0
jambu fruit,0,0,0,0,0,0,0,0,0,0,0,0,0,0
january king cabbage,0,0,0,0,0,0,0,0,0,0,0,0,0,0
japanese pumpkin,0,0,0,0,0,0,0,0,0,0,0,0,0,0
jews ear mushroom,0,0,0,0,0,0,0,0,0,0,0,0,0,0
john dory,0,0,0,1,0,0,0,0,0,0,0,0,0,0
jujube,0,0,0,0,0,0,0,0,0,0,0,0,0,0
kabana,0,0,0,0,0,0,0,0,0,0,0,0,0,0
kalabasu,0,0,0,0,0,0,0,0,0,0,0,0,0,0
katla,0,0,0,1,0,0,0,0,0,0,0,0,0,0
kilcummin cheese,0,0,0,0,0,0,1,0,0,0,0,0,0,0
kiwano,0,0,0,0,0,0,0,0,0,0,0,0,0,0
knackwurst,0,0,0,0,0,0,0,0,0,0,0,0,0,0
kumquat,0,0,0,0,0,0,0,0,0,0,0,0,0,0
lager,0,0,0,0,0,0,0,0,0,0,0,0,0,0
lamb rack,0,0,0,0,0,0,0,0,0,0,0,0,0,0
lamb rump,0,0,0,0,0,0,0,0,0,0,0,0,0,0
langoustine,0,0,0,0,0,0,0,0,0,0,0,0,0,1
leaf vegetable,0,0,0,0,0,0,0,0,0,0,0,0,0,0
lilva,0,0,0,0,0,0,0,0,0,0,0,0,0,0
lime pickle,0,0,0,0,0,0,0,0,0,0,0,0,0,0
ling,0,0,0,1,0,0,0,0,0,0,0,0,0,0
liver sausage,0,0,0,0,0,0,0,0,0,0,0,0,0,0
loganberry,0,0,0,0,0,0,0,0,0,0,0,0,0,0
longans,0,0,0,0,0,0,0,0,0,0,0,0,0,0
loquats,0,0,0,0,0,0,0,0,0,0,0,0,0,0
lychee,0,0,0,0,0,0,0,0,0,0,0,0,0,0
mace,0,0,0,0,0,0,0,0,0,0,0,0,0,0
maize,0,0,0,0,0,0,0,0,0,0,0,0,0,0
malted grain bread,1,0,0,0,0,0,0,0,0,0,0,0,0,0
mangosteen,0,0,0,0,0,0,0,0,0,0,0,0,0,0
mango pickle,0,0,0,0,0,0,0,0,0,0,0,0,0,0
marjoram,0,0,0,0,0,0,0,0,0,0,0,0,0,0
marlin,0,0,0,1,0,0,0,0,0,0,0,0,0,0
marrowfat peas,0,0,0,0,0,0,0,0,0,0,0,0,0,0
medlars,0,0,0,0,0,0,0,0,0,0,0,0,0,0
megrim,0,0,0,1,0,0,0,0,0,0,0,0,0,0
melon seeds,0,0,0,0,0,0,0,0,0,0,0,0,0,0
mesclun,0,0,0,0,0,0,0,0,0,0,0,0,0,0
beer,1,0,0,0,0,0,0,0,0,0,0,0,0,0
milkshake syrup,0,0,0,0,0,0,1,0,0,0,0,0,0,0
millet,0,0,0,0,0,0,0,0,0,0,0,0,0,0
millet flour,0,0,0,0,0,0,0,0,0,0,0,0,0,0
mirepoix,0,0,0,0,0,0,0,0,0,0,0,0,0,0
mirin,0,0,0,0,0,0,0,0,0,0,0,0,0,0
mixed dried beans,0,0,0,0,0,0,0,0,0,0,0,0,0,0
mixed fish,0,0,0,1,0,0,0,0,0,0,0,0,0,0
mixed spices,0,0,0,0,0,0,0,0,0,0,0,0,0,0
monks beard,0,0,0,0,0,0,0,0,0,0,0,0,0,0
mornay sauce,0,0,0,0,0,0,1,0,0,0,0,0,0,0
mortadella,0,0,0,0,0,0,0,0,0,0,0,0,0,0
mulberries,0,0,0,0,0,0,0,0,0,0,0,0,0,0
mung bean,0,0,0,0,0,0,0,0,0,0,0,0,0,0
mung dal,0,0,0,0,0,0,0,0,0,0,0,0,0,0
mustard,0,0,0,0,0,0,0,0,0,1,0,0,0,0
mustard leaves,0,0,0,0,0,0,0,0,0,1,0,0,0,0
mustard oil,0,0,0,0,0,0,0,0,0,1,0,0,0,0
mustard seeds,0,0,0,0,0,0,0,0,0,1,0,0,0,0
nashi,0,0,0,0,0,0,0,0,0,0,0,0,0,0
nasturtium,0,0,0,0,0,0,0,0,0,0,0,0,0,0
nettles,0,0,0,0,0,0,0,0,0,0,0,0,0,0
nibbed almonds,0,0,0,0,0,0,0,1,0,0,0,0,0,0
orange liqueur,0,0,0,0,0,0,0,0,0,0,0,0,0,0
oregano,0,0,0,0,0,0,0,0,0,0,0,0,0,0
oriental mix,0,0,0,0,0,0,0,0,0,0,0,0,0,0
ortaniques,0,0,0,0,0,0,0,0,0,0,0,0,0,0
ouzo,0,0,0,0,0,0,0,0,0,0,0,0,0,0
oyster,0,0,0,0,0,0,0,0,0,0,0,0,0,1
padron peppers,0,0,0,0,0,0,0,0,0,0,0,0,0,0
palm oil,0,0,0,0,0,0,0,0,0,0,0,0,0,0
palm sugar,0,0,0,0,0,0,0,0,0,0,0,0,0,0
panch phoran,0,0,0,0,0,0,0,0,0,0,0,0,0,0
parrot fish,0,0,0,1,0,0,0,0,0,0,0,0,0,0
passion fruit juice,0,0,0,0,0,0,0,0,0,0,0,0,0,0
pasta suppers,1,0,0,0,0,0,0,0,0,0,0,0,0,0
pastrami,0,0,0,0,0,0,0,0,0,0,0,0,0,0
pastry,1,0,0,0,0,0,1,0,0,0,0,0,0,0
peanut oil,0,0,0,0,1,0,0,0,0,0,0,0,0,0
perch,0,0,0,1,0,0,0,0,0,0,0,0,0,0
perry,0,0,0,0,0,0,0,0,0,0,0,0,0,0
pig cheeks,0,0,0,0,0,0,0,0,0,0,0,0,0,0
pig trotters,0,0,0,0,0,0,0,0,0,0,0,0,0,0
pike,0,0,0,1,0,0,0,0,0,0,0,0,0,0
pilchard,0,0,0,1,0,0,0,0,0,0,0,0,0,0
pink peppercorn,0,0,0,0,0,0,0,0,0,0,0,0,0,0
pinto peas,0,0,0,0,0,0,0,0,0,0,0,0,0,0
plaice,0,0,0,1,0,0,0,0,0,0,0,0,0,0
pork hand,0,0,0,0,0,0,0,0,0,0,0,0,0,0
pork leg,0,0,0,0,0,0,0,0,0,0,0,0,0,0
port,0,0,0,0,0,0,0,0,0,0,0,0,0,0
poultry,0,0,0,0,0,0,0,0,0,0,0,0,0,0
poussin,0,0,0,0,0,0,0,0,0,0,0,0,0,0
prawn crackers,0,1,0,0,0,0,0,0,0,0,0,0,0,0
prickly pear,0,0,0,0,0,0,0,0,0,0,0,0,0,0
prune juice,0,0,0,0,0,0,0,0,0,0,0,0,0,0
pulse,0,0,0,0,0,0,0,0,0,0,0,0,0,0
pumpkin seed,0,0,0,0,0,0,0,0,0,0,0,0,0,0
quail,0,0,0,0,0,0,0,0,0,0,0,0,0,0
quails egg,0,0,1,0,0,0,0,0,0,0,0,0,0,0
quince,0,0,0,0,0,0,0,0,0,0,0,0,0,0
ragout,0,0,0,0,0,0,0,0,0,0,0,0,0,0
rainbow trout,0,0,0,1,0,0,0,0,0,0,0,0,0,0
raisins,0,0,0,0,0,0,0,0,0,0,0,1,0,0
rambutan,0,0,0,0,0,0,0,0,0,0,0,0,0,0
rapeseed oil,0,0,0,0,0,0,0,0,0,0,0,0,0,0
redfish,0,0,0,1,0,0,0,0,0,0,0,0,0,0
red leicester cheese,0,0,0,0,0,0,1,0,0,0,0,0,0,0
red onion,0,0,0,0,0,0,0,0,0,0,0,0,0,0
red windsor cheese,0,0,0,0,0,0,1,0,0,0,0,0,0,0
rennet,0,0,0,0,0,0,0,0,0,0,0,0,0,0
rice cake,1,0,0,0,0,0,0,0,0,0,0,0,0,0
rice vinegar,0,0,0,0,0,0,0,0,0,0,0,0,0,0
rice wine,0,0,0,0,0,0,0,0,0,0,0,0,0,0
rock salmon,0,0,0,1,0,0,0,0,0,0,0,0,0,0
rock salt,0,0,0,0,0,0,0,0,0,0,0,0,0,0
rohu,0,0,0,1,0,0,0,0,0,0,0,0,0,0
root beer,0,0,0,0,0,0,0,0,0,0,0,0,0,0
roquefort cheese,0,0,0,0,0,0,1,0,0,0,0,0,0,0
rosehip syrup,0,0,0,0,0,0,0,0,0,0,0,0,0,0
rose wine,0,0,0,0,0,0,0,0,0,0,0,0,0,0
rouille,0,0,0,0,0,0,0,0,0,0,0,0,0,0
roux,1,0,0,0,0,0,1,0,0,0,0,0,0,0
saccharin,0,0,0,0,0,0,0,0,0,0,0,0,0,0
safflower oil,0,0,0,0,0,0,0,0,0,0,0,0,0,0
saffron,0,0,0,0,0,0,0,0,0,0,0,0,0,0
sage derby cheese,0,0,0,0,0,0,1,0,0,0,0,0,0,0
sago,0,0,0,0,0,0,0,0,0,0,0,0,0,0
salad cream,0,0,1,0,0,0,1,0,0,0,0,0,0,0
salsify,0,0,0,0,0,0,0,0,0,0,0,0,0,0
salt,0,0,0,0,0,0,0,0,0,0,0,0,0,0
kosher salt,0,0,0,0,0,0,0,0,0,0,0,0,0,0
salted beef,0,0,0,0,0,0,0,0,0,0,0,0,0,0
sambuca,0,0,0,0,0,0,0,0,0,0,0,0,0,0
samphire,0,0,0,0,0,0,0,0,0,0,0,0,0,0
sapodilla,0,0,0,0,0,0,0,0,0,0,0,0,0,0
sashimi,0,0,0,1,0,0,0,0,0,0,0,0,0,0
sassafras,0,0,0,0,0,0,0,0,0,0,0,0,0,0
satsuma,0,0,0,0,0,0,0,0,0,0,0,0,0,0
saucisson,0,0,0,0,0,0,0,0,0,0,0,0,0,0
saveloy,0,0,0,0,0,0,0,0,0,0,0,0,0,0
savory,0,0,0,0,0,0,0,0,0,0,0,0,0,0
scamorza cheese,0,0,0,0,0,0,1,0,0,0,0,0,0,0
scampi,0,1,0,0,0,0,0,0,0,0,0,0,0,0
sea salt,0,0,0,0,0,0,0,0,0,0,0,0,0,0
sea trout,0,0,0,1,0,0,0,0,0,0,0,0,0,0
serrano ham,0,0,0,0,0,0,0,0,0,0,0,0,0,0
sesame prawn toast,0,1,0,1,0,0,0,0,0,0,1,0,0,0
shallot,0,0,0,0,0,0,0,0,0,0,0,0,0,0
shark,0,0,0,1,0,0,0,0,0,0,0,0,0,0
sharon fruit,0,0,0,0,0,0,0,0,0,0,0,0,0,0
sherry,0,0,0,0,0,0,0,0,0,0,0,0,0,0
single gloucester cheese,0,0,0,0,0,0,1,0,0,0,0,0,0,0
skate,0,0,0,1,0,0,0,0,0,0,0,0,0,0
smoked fish,0,0,0,1,0,0,0,0,0,0,0,0,0,0
snapper,0,0,0,1,0,0,0,0,0,0,0,0,0,0
snipe,0,0,0,0,0,0,0,0,0,0,0,0,0,0
soba noodles,1,0,0,0,0,0,0,0,0,0,0,0,0,0
soft drink,0,0,0,0,0,0,0,0,0,0,0,0,0,0
sorrel,0,0,0,0,0,0,0,0,0,0,0,0,0,0
soya flour,0,0,0,0,0,1,0,0,0,0,0,0,0,0
soya oil,0,0,0,0,0,1,0,0,0,0,0,0,0,0
soy sauce,0,0,0,0,0,1,0,0,0,0,0,0,0,0
spaghetti squash,0,0,0,0,0,0,0,0,0,0,0,0,0,0
speciality bread,1,0,0,0,0,0,1,1,0,0,0,0,0,0
spice,0,0,0,0,0,0,0,0,0,0,0,0,0,0
spirit,0,0,0,0,0,0,0,0,0,0,0,0,0,0
sprats,0,0,0,1,0,0,0,0,0,0,0,0,0,0
spring garlic,0,0,0,0,0,0,0,0,0,0,0,0,0,0
starfruit,0,0,0,0,0,0,0,0,0,0,0,0,0,0
star anise,0,0,0,0,0,0,0,0,0,0,0,0,0,0
stone fruit,0,0,0,0,0,0,0,0,0,0,0,0,0,0
straw mushroom,0,0,0,0,0,0,0,0,0,0,0,0,0,0
strega liqueur,0,0,0,0,0,0,0,0,0,0,0,0,0,0
sturgeon,0,0,0,1,0,0,0,0,0,0,0,0,0,0
st gall cheese,0,0,0,0,0,0,1,0,0,0,0,0,0,0
sucralose,0,0,0,0,0,0,0,0,0,0,0,0,0,0
sugar,0,0,0,0,0,0,0,0,0,0,0,0,0,0
summer cabbage,0,0,0,0,0,0,0,0,0,0,0,0,0,0
sunflower seed,0,0,0,0,0,0,0,0,0,0,0,0,0,0
sweetbread,0,0,0,0,0,0,0,0,0,0,0,0,0,0
sweet orange,0,0,0,0,0,0,0,0,0,0,0,0,0,0
swordfish,0,0,0,1,0,0,0,0,0,0,0,0,0,0
sword beans,0,0,0,0,0,0,0,0,0,0,0,0,0,0
tabasco,0,0,0,0,0,0,0,0,0,0,0,0,0,0
tamari,0,0,0,0,0,1,0,0,0,0,0,0,0,0
tamarillo,0,0,0,0,0,0,0,0,0,0,0,0,0,0
tangerine,0,0,0,0,0,0,0,0,0,0,0,0,0,0
taramasalata,0,0,0,1,0,0,0,0,0,0,0,0,0,0
taro,0,0,0,0,0,0,0,0,0,0,0,0,0,0
textured vegetable protein,0,0,0,0,0,1,0,0,0,0,0,0,0,0
thousand island dressing,0,0,0,0,0,0,1,0,0,0,0,0,0,0
tigernuts,0,0,0,0,0,0,0,1,0,0,0,0,0,0
tiger nut,0,0,0,0,0,0,0,1,0,0,0,0,0,0
tilapia,0,0,0,1,0,0,0,0,0,0,0,0,0,0
tisane,0,0,0,0,0,0,0,0,0,0,0,0,0,0
tomato puree,0,0,0,0,0,0,0,0,0,0,0,0,0,0
tomato purée,0,0,0,0,0,0,0,0,0,0,0,0,0,0
tongue,0,0,0,0,0,0,0,0,0,0,0,0,0,0
tonic wine,0,0,0,0,0,0,0,0,0,0,0,0,0,0
tree fruit,0,0,0,0,0,0,0,0,0,0,0,0,0,0
tripe,0,0,0,0,0,0,0,0,0,0,0,0,0,0
turbot,0,0,0,1,0,0,0,0,0,0,0,0,0,0
ugli fruit,0,0,0,0,0,0,0,0,0,0,0,0,0,0
unleavened bread,1,0,0,0,0,0,0,0,0,0,0,0,0,0
vacherin cheese,0,0,0,0,0,0,1,0,0,0,0,0,0,0
veal,0,0,0,0,0,0,0,0,0,0,0,0,0,0
verjus,0,0,0,0,0,0,0,0,0,0,0,0,0,0
vermicelli rice,0,0,0,0,0,0,0,0,0,0,0,0,0,0
waldorf salad,0,0,0,0,0,0,1,1,0,0,0,0,0,0
wasabi,0,0,0,0,0,0,0,0,0,0,0,0,0,0
webbs lettuce,0,0,0,0,0,0,0,0,0,0,0,0,0,0
wedding cake,1,0,1,0,0,0,1,1,0,0,0,0,0,0
wensleydale cheese,0,0,0,0,0,0,1,0,0,0,0,0,0,0
wheatgerm,1,0,0,0,0,0,0,0,0,0,0,0,0,0
wheatgerm oil,0,0,0,0,0,0,0,0,0,0,0,0,0,0
whelk,0,0,0,0,0,0,0,0,0,0,0,0,0,1
whisky liqueur,0,0,0,0,0,0,0,0,0,0,0,0,0,0
whitebait,0,0,0,1,0,0,0,0,0,0,0,0,0,0
whitecurrant,0,0,0,0,0,0,0,0,0,0,0,0,0,0
white pepper,0,0,0,0,0,0,0,0,0,0,0,0,0,0
white tea,0,0,0,0,0,0,0,0,0,0,0,0,0,0
whiting,0,0,0,1,0,0,0,0,0,0,0,0,0,0
wiener schnitzel,1,0,1,0,0,0,0,0,0,0,0,0,0,0
wild duck,0,0,0,0,0,0,0,0,0,0,0,0,0,0
winkles,0,0,0,0,0,0,0,0,0,0,0,0,0,1
woodcock,0,0,0,0,0,0,0,0,0,0,0,0,0,0
worcestershire sauce,0,0,0,1,0,0,0,0,0,0,0,1,0,0
yam,0,0,0,0,0,0,0,0,0,0,0,0,0,0
zander,0,0,0,1,0,0,0,0,0,0,0,0,0,0
coriander,0,0,0,0,0,0,0,0,0,0,0,0,0,0
french dressing,0,0,0,0,0,0,0,0,0,0,0,0,0,0
salad dressing,0,0,0,0,0,0,0,0,0,0,0,0,0,0
chicken burger,1,0,1,0,0,0,0,0,0,0,0,0,0,0
ajwain,0,0,0,0,0,0,0,0,0,0,0,0,0,0
praline,0,0,0,0,0,0,0,1,0,0,0,0,0,0
almond butter,0,0,0,0,0,0,0,1,0,0,0,0,0,0
amaretti,1,0,1,0,0,0,0,1,0,0,0,0,0,0
tapioca,0,0,0,0,0,0,0,0,0,0,0,0,0,0
cream of tartar,0,0,0,0,0,0,0,0,0,0,0,0,0,0
charlotte,1,0,1,0,0,0,1,0,0,0,0,0,0,0
apple,0,0,0,0,0,0,0,0,0,0,0,0,0,0
apple crumble,1,0,1,0,0,0,1,0,0,0,0,0,0,0
crumble,1,0,1,0,0,0,1,0,0,0,0,0,0,0
apple sauce,0,0,0,0,0,0,0,0,0,0,0,0,0,0
vanilla essence,0,0,0,0,0,0,0,0,0,0,0,0,0,0
preserves,0,0,0,0,0,0,0,0,0,0,0,0,0,0
apple juice,0,0,0,0,0,0,0,0,0,0,0,0,0,0
frangipane,1,0,1,0,0,0,1,1,0,0,0,0,0,0
margarine,0,0,0,0,0,0,1,0,0,0,0,0,0,0
strudel,1,0,1,0,0,0,0,0,0,0,0,0,0,0
apricot jam,0,0,0,0,0,0,0,0,0,0,0,0,0,0
dried apricot,0,0,0,0,0,0,0,0,0,0,0,1,0,0
almond extract,0,0,0,0,0,0,0,1,0,0,0,0,0,0
beef curry,0,0,0,0,0,0,0,0,0,0,0,0,0,0
calasparra rice,0,0,0,0,0,0,0,0,0,0,0,0,0,0
rice,0,0,0,0,0,0,0,0,0,0,0,0,0,0
cooked rice,0,0,0,0,0,0,0,0,0,0,0,0,0,0
steamed rice,0,0,0,0,0,0,0,0,0,0,0,0,0,0
boiled rice,0,0,0,0,0,0,0,0,0,0,0,0,0,0
globe artichoke,0,0,0,0,0,0,0,0,0,0,0,0,0,0
pearl barley,1,0,0,0,0,0,0,0,0,0,0,0,0,0
aubergine,0,0,0,0,0,0,0,0,0,0,0,0,0,0
cheese straws,1,0,1,0,0,0,1,0,0,0,0,0,0,0
bagel,1,0,1,0,0,0,0,0,0,0,0,0,0,0
sandwich,1,0,1,0,0,0,0,0,0,0,0,0,0,0
baked alaska,1,0,1,0,0,0,1,0,0,0,0,0,0,0
baked beans,0,0,0,0,0,1,0,0,0,0,0,0,0,0
baked chicken,0,0,0,0,0,0,0,0,0,0,0,0,0,0
taleggio cheese,0,0,0,0,0,0,1,0,0,0,0,0,0,0
baked fish,0,0,0,1,0,0,0,0,0,0,0,0,0,0
almond essence,0,0,0,0,0,0,0,1,0,0,0,0,0,0
bakewell tart,1,0,1,0,0,0,1,1,0,0,0,0,0,0
honey,0,0,0,0,0,0,0,0,0,0,0,0,0,0
baklava,1,0,1,0,0,0,0,1,0,0,0,0,0,0
bran,1,0,0,0,0,0,0,0,0,0,0,0,0,0
banana,0,0,0,0,0,0,0,0,0,0,0,0,0,0
banana bread,1,0,1,0,0,0,0,0,0,0,0,0,0,0
bicarbonate of soda,0,0,0,0,0,0,0,0,0,0,0,0,0,0
muffins,1,0,1,0,0,0,0,0,0,0,0,0,0,0
coconut oil,0,0,0,0,0,0,0,0,0,0,0,0,0,0
breakfast pot,1,0,1,0,0,0,0,0,0,0,0,0,0,0
vanilla bean paste,0,0,0,0,0,0,0,0,0,0,0,0,0,0
vanilla bean,0,0,0,0,0,0,0,0,0,0,0,0,0,0
sausage,0,0,0,0,0,0,0,0,0,0,0,0,0,0
panko breadcrumbs,1,0,0,0,0,0,0,0,0,0,0,0,0,0
bannocks,1,0,0,0,0,0,0,0,0,0,0,0,0,0
bao buns,1,0,0,0,0,0,0,0,0,0,0,0,0,0
bara brith,1,0,0,0,0,0,0,0,0,0,0,0,0,0
dried mixed fruit,0,0,0,0,0,0,0,0,0,0,0,1,0,0
baba ganoush,0,0,0,0,0,0,0,0,0,0,0,0,0,0
bearnaise sauce,0,0,1,0,0,0,1,0,0,0,0,0,0,0
beef stock,1,0,0,0,0,0,0,0,1,0,0,0,0,0
beef broth,1,0,0,0,0,0,0,0,1,0,0,0,0,0
turkey stock,1,0,0,0,0,0,0,0,1,0,0,0,0,0
turkey broth,1,0,0,0,0,0,0,0,1,0,0,0,0,0
buttercream icing,0,0,1,0,0,0,1,0,0,0,0,0,0,0
icing sugar,0,0,0,0,0,0,0,0,0,0,0,0,0,0
pancake,1,0,1,0,0,0,0,0,0,0,0,0,0,0
chopped tomatoes,0,0,0,0,0,0,0,0,0,0,0,0,0,0
bread roll,1,0,0,0,0,0,0,0,0,0,0,0,0,0
semolina,1,0,0,0,0,0,0,0,0,0,0,0,0,0
semolina flour,1,0,0,0,0,0,0,0,0,0,0,0,0,0
brown sauce,0,0,0,0,0,0,0,0,0,0,0,0,0,0
cornmeal,0,0,0,0,0,0,1,0,0,0,0,0,0,0
cornmeal flour,0,0,0,0,0,0,1,0,0,0,0,0,0,0
curd,0,0,0,0,0,0,1,0,0,0,0,0,0,0
jackfruit,0,0,0,0,0,0,0,0,0,0,0,0,0,0
bay leaf,0,0,0,0,0,0,0,0,0,0,0,0,0,0
bechamel sauce,1,0,1,0,0,0,1,0,0,0,0,0,0,0
oyster sauce,0,0,0,0,0,1,0,0,0,0,0,0,0,1
lime leaves,0,0,0,0,0,0,0,0,0,0,0,0,0,0
stroganoff,1,0,1,0,0,0,1,0,0,0,0,0,0,0
dolcelatte cheese,0,0,0,0,0,0,1,0,0,0,0,0,0,0
beef chuck and blade,0,0,0,0,0,0,0,0,0,0,0,0,0,0
hotpot,0,0,0,0,0,0,0,0,0,0,0,0,0,0
beef ribs,0,0,0,0,0,0,0,0,0,0,0,0,0,0
bone marrow,0,0,0,0,0,0,0,0,0,0,0,0,0,0
beef stew,0,0,0,0,0,0,0,0,0,0,0,0,0,0
beef silverside,0,0,0,0,0,0,0,0,0,0,0,0,0,0
beef fillet,0,0,0,0,0,0,0,0,0,0,0,0,0,0
beef wellington,1,0,1,0,0,0,1,0,0,0,0,0,0,0
chocolate biscuit,1,0,0,0,0,0,1,1,0,0,0,0,0,0
vegetable lasagne,1,0,1,0,0,0,1,0,0,0,0,0,0,0
beef lasagne,1,0,1,0,0,0,1,0,0,0,0,0,0,0
lasagne,1,0,1,0,0,0,1,0,0,0,0,0,0,0
bibimbap,1,0,0,0,0,1,0,0,0,0,0,0,0,0
sesame seeds,0,0,0,0,0,0,0,0,0,0,1,0,0,0
breadsticks,1,0,0,0,0,0,0,0,0,0,0,0,0,0
fusilli,1,0,0,0,0,0,0,0,0,0,0,0,0,0
muesli,1,0,0,0,0,0,0,1,0,0,0,0,0,0
coffee essence,0,0,0,0,0,0,0,0,0,0,0,0,0,0
black eyed bean,0,0,0,0,0,0,0,0,0,0,0,0,0,0
smoothie,0,0,0,0,0,0,1,0,0,0,0,0,0,0
liquorice,0,0,0,0,0,0,0,0,0,0,0,0,0,0
cordial,0,0,0,0,0,0,0,0,0,0,0,0,0,0
urid dal,0,0,0,0,0,0,0,0,0,0,0,0,0,0
black beans,0,0,0,0,0,0,0,0,0,0,0,0,0,0
black forest gateau,1,0,1,0,0,0,1,0,0,0,0,0,0,0
blini,1,0,1,0,0,0,0,0,0,0,0,0,0,0
blood orange,0,0,0,0,0,0,0,0,0,0,0,0,0,0
tomato juice,0,0,0,0,0,0,0,0,0,0,0,0,0,0
vodka,0,0,0,0,0,0,0,0,0,0,0,0,0,0
blueberry,0,0,0,0,0,0,0,0,0,0,0,0,0,0
millefeuille,1,0,1,0,0,0,1,0,0,0,0,0,0,0
whipping cream,0,0,0,0,0,0,1,0,0,0,0,0,0,0
fig,0,0,0,0,0,0,0,0,0,0,0,0,0,0
beef bourguignon,0,0,0,0,0,0,0,0,0,0,0,0,0,0
wine,0,0,0,0,0,0,0,0,0,0,0,0,0,0
beef shin,0,0,0,0,0,0,0,0,0,0,0,0,0,0
toffee,0,0,0,0,0,0,0,0,0,0,0,0,0,0
fish soup,0,0,0,1,0,0,0,0,0,0,0,0,0,0
mince,0,0,0,0,0,0,0,0,0,0,0,0,0,0
braised cabbage,0,0,0,0,0,0,0,0,0,0,0,0,0,0
savoy cabbage,0,0,0,0,0,0,0,0,0,0,0,0,0,0
beef topside,0,0,0,0,0,0,0,0,0,0,0,0,0,0
blackberry,0,0,0,0,0,0,0,0,0,0,0,0,0,0
brandy butter,0,0,0,0,0,0,1,0,0,0,0,0,0,0
brandy snaps,1,0,1,0,0,0,0,0,0,0,0,0,0,0
butter,0,0,0,0,0,0,1,0,0,0,0,0,0,0
unsalted butter,0,0,0,0,0,0,1,0,0,0,0,0,0,0
anchovy essence,0,0,0,1,0,0,0,0,0,0,0,0,0,0
lamb breast,0,0,0,0,0,0,0,0,0,0,0,0,0,0
brioche,1,0,1,0,0,0,1,0,0,0,0,0,0,0
pilaf,1,0,0,0,0,0,0,0,0,0,0,0,0,0
broad beans,0,0,0,0,0,0,0,0,0,0,0,0,0,0
bruschetta,1,0,0,0,0,0,0,0,0,0,0,0,0,0
little gem lettuce,0,0,0,0,0,0,0,0,0,0,0,0,0,0
runner bean,0,0,0,0,0,0,0,0,0,0,0,0,0,0
broccoli,0,0,0,0,0,0,0,0,0,0,0,0,0,0
scotch bonnet chillies,0,0,0,0,0,0,0,0,0,0,0,0,0,0
brussels sprouts,0,0,0,0,0,0,0,0,0,0,0,0,0,0
bulgur wheat,1,0,0,0,0,0,0,0,0,0,0,0,0,0
brazil nut,0,0,0,0,0,0,0,1,0,0,0,0,0,0
buttermilk,0,0,0,0,0,0,1,0,0,0,0,0,0,0
crisps,1,0,0,0,0,0,0,0,0,0,0,0,0,0
chicken curry,1,0,0,0,0,0,0,0,0,0,0,0,0,0
guava,0,0,0,0,0,0,0,0,0,0,0,0,0,0
pecorino cheese,0,0,0,0,0,0,1,0,0,0,0,0,0,0
calzone,1,0,0,0,0,0,1,0,0,0,0,0,0,0
jerk chicken,0,0,0,0,0,0,0,0,0,0,0,0,0,0
jerk seasoning,0,0,0,0,0,0,0,0,0,0,0,0,0,0
rainbow chard,0,0,0,0,0,0,0,0,0,0,0,0,0,0
cauliflower,0,0,0,0,0,0,0,0,0,0,0,0,0,0
cauliflower cheese,1,0,0,0,0,0,1,0,0,0,0,0,0,0
currant,0,0,0,0,0,0,0,0,0,0,0,0,0,0
fruit cake,1,0,0,0,0,0,1,0,0,0,0,0,0,0
mayonnaise,0,0,1,0,0,0,0,0,0,0,0,0,0,0
casserole,0,0,0,0,0,0,0,0,0,0,0,0,0,0
poppy seeds,0,0,0,0,0,0,0,0,0,0,0,0,0,0
champ,1,0,0,0,0,0,0,0,0,0,0,0,0,0
lentils,0,0,0,0,0,0,0,0,0,0,0,0,0,0
chapatis,1,0,0,0,0,0,0,0,0,0,0,0,0,0
chapati flour,1,0,0,0,0,0,0,0,0,0,0,0,0,0
halloumi,0,0,0,0,0,0,1,0,0,0,0,0,0,0
halloumi cheese,0,0,0,0,0,0,1,0,0,0,0,0,0,0
caramel,0,0,0,0,0,0,0,0,0,0,0,0,0,0
cheese sauce,1,0,0,0,0,0,1,0,0,0,0,0,0,0
cheddar cheese,0,0,0,0,0,0,1,0,0,0,0,0,0,0
cheddar,0,0,0,0,0,0,1,0,0,0,0,0,0,0
buckwheat flour,0,0,0,0,0,0,0,0,0,0,0,0,0,0
toastie,1,0,0,0,0,0,1,0,0,0,0,0,0,0
lemonade,0,0,0,0,0,0,0,0,0,0,0,0,0,0
sparkling wine,0,0,0,0,0,0,0,0,0,0,0,1,0,0
flaked almonds,0,0,0,0,0,0,0,1,0,0,0,0,0,0
almond milk,0,0,0,0,0,0,0,1,0,0,0,0,0,0
clafoutis,1,0,1,0,0,0,1,0,0,0,0,0,0,0
kirsch,0,0,0,0,0,0,0,0,0,0,0,0,0,0
cherry,0,0,0,0,0,0,0,0,0,0,0,0,0,0
cherry brandy,0,0,0,0,0,0,0,0,0,0,0,0,0,0
arrowroot,0,0,0,0,0,0,0,0,0,0,0,0,0,0
fragrant rice,0,0,0,0,0,0,0,0,0,0,0,0,0,0
spring rolls,1,0,0,0,0,0,0,0,0,0,0,0,0,0
caesar salad,1,0,1,0,0,0,1,0,0,0,0,0,0,0
chicken casserole,0,0,0,0,0,0,0,0,0,0,0,0,0,0
noodle,1,0,0,0,0,0,0,0,0,0,0,0,0,0
goujons,1,0,0,0,0,0,0,0,0,0,0,0,0,0
chicken kiev,1,0,1,0,0,0,1,0,0,0,0,0,0,0
parfait,0,0,1,0,0,0,1,0,0,0,0,0,0,0
chicken liver,0,0,0,0,0,0,0,0,0,0,0,0,0,0
offal,0,0,0,0,0,0,0,0,0,0,0,0,0,0
chicken stew,0,0,0,0,0,0,0,0,0,0,0,0,0,0
flaky pastry,1,0,1,0,0,0,1,0,0,0,0,0,0,0
chicken soup,0,0,0,0,0,0,0,0,0,0,0,0,0,0
tostada,1,0,0,0,0,0,0,0,0,0,0,0,0,0
tortilla flour,1,0,0,0,0,0,0,0,0,0,0,0,0,0
tortilla chips,1,0,0,0,0,0,0,0,0,0,0,0,0,0
tortilla,1,0,0,0,0,0,0,0,0,0,0,0,0,0
smoked paprika,0,0,0,0,0,0,0,0,0,0,0,0,0,0
hot smoked paprika,0,0,0,0,0,0,0,0,0,0,0,0,0,0
sweet smoked paprika,0,0,0,0,0,0,0,0,0,0,0,0,0,0
chicken leg,0,0,0,0,0,0,0,0,0,0,0,0,0,0
cider,0,0,0,0,0,0,0,0,0,0,0,1,0,0
burrito,1,0,0,0,0,0,0,0,0,0,0,0,0,0
croutons,1,0,0,0,0,0,0,0,0,0,0,0,0,0
farfalle,1,0,0,0,0,0,0,0,0,0,0,0,0,0
enchiladas,1,0,0,0,0,0,0,0,0,0,0,0,0,0
fricassee,0,0,0,0,0,0,0,0,0,0,0,0,0,0
chicken pie,1,0,1,0,0,0,1,0,0,0,0,0,0,0
satay,0,0,0,0,1,0,0,1,0,0,0,0,0,0
spring roll wrappers,1,0,0,0,0,0,0,0,0,0,0,0,0,0
toyomansi,0,0,0,1,0,1,0,0,0,0,0,0,0,0
garlic,0,0,0,0,0,0,0,0,0,0,0,0,0,0
chickpea,0,0,0,0,0,0,0,0,0,0,0,0,0,0
vegetable curry,0,0,0,0,0,0,0,0,0,0,0,0,0,0
fruit salad,0,0,0,0,0,0,0,0,0,0,0,0,0,0
melon,0,0,0,0,0,0,0,0,0,0,0,0,0,0
pork spare rib,0,0,0,0,0,0,0,0,0,0,0,0,0,0
chilli,0,0,0,0,0,0,0,0,0,0,0,0,0,0
chilli con carne,0,0,0,0,0,0,0,0,0,0,0,0,0,0
dried chilli,0,0,0,0,0,0,0,0,0,0,0,0,0,0
curly kale,0,0,0,0,0,0,0,0,0,0,0,0,0,0
spring onion,0,0,0,0,0,0,0,0,0,0,0,0,0,0
chinese pancake,1,0,0,0,0,0,0,0,0,0,0,0,0,0
water chestnut,0,0,0,0,0,0,0,0,0,0,0,0,0,0
dim sum wrappers,1,0,0,0,0,0,0,0,0,0,0,0,0,0
chipotle,0,0,0,0,0,0,0,0,0,0,0,0,0,0
pinto bean,0,0,0,0,0,0,0,0,0,0,0,0,0,0
veggie stew,0,0,0,0,0,0,0,0,0,0,0,0,0,0
cola,0,0,0,0,0,0,0,0,0,0,0,0,0,0
fridge cake,1,0,0,0,0,0,1,1,0,0,0,0,0,0
soya milk,0,0,0,0,0,1,0,0,0,0,0,0,0,0
hazelnut,0,0,0,0,0,0,0,1,0,0,0,0,0,0
babka,1,0,1,0,0,0,1,0,0,0,0,0,0,0
choux pastry,1,0,1,0,0,0,0,0,0,0,0,0,0,0
eclairs,1,0,1,0,0,0,1,0,0,0,0,0,0,0
evaporated milk,0,0,0,0,0,0,1,0,0,0,0,0,0,0
teacake,1,0,0,0,0,0,1,1,0,0,0,0,0,0
chocolate mousse,0,0,1,0,0,0,1,0,0,0,0,0,0,0
chocolate tart,1,0,0,0,0,0,1,0,0,0,0,0,0,0
chocolate dessert,1,0,0,0,0,0,1,0,0,0,0,0,0,0
swiss roll,1,0,1,0,0,0,1,0,0,0,0,0,0,0
molasses,0,0,0,0,0,0,0,0,0,0,0,1,0,0
chocolate truffle,0,0,0,0,0,0,1,1,0,0,0,0,0,0
marrow,0,0,0,0,0,0,0,0,0,0,0,0,0,0
chorizo,0,0,0,0,0,0,0,0,0,0,0,1,0,0
gingerbread,1,0,1,0,0,0,1,0,0,0,0,0,0,0
liqueur,0,0,0,0,0,0,0,0,0,0,0,1,0,0
ratafia biscuits,1,0,1,0,0,0,1,1,0,0,0,0,0,0
churros,1,0,1,0,0,0,0,0,0,0,0,0,0,0
bun,1,0,1,0,0,0,1,0,0,0,0,0,0,0
cinnamon,0,0,0,0,0,0,0,0,0,0,0,0,0,0
cinnamon stick,0,0,0,0,0,0,0,0,0,0,0,0,0,0
ground cinnamon,0,0,0,0,0,0,0,0,0,0,0,0,0,0
champagne cocktail,0,0,0,0,0,0,0,0,0,0,0,1,0,0
cottage pie,1,0,1,0,0,0,1,0,0,0,0,0,0,0
brandy,0,0,0,0,0,0,0,0,0,0,0,1,0,0
crepe,1,0,1,0,0,0,1,0,0,0,0,0,0,0
margarita,0,0,0,0,0,0,0,0,0,0,0,0,0,0
tequila,0,0,0,0,0,0,0,0,0,0,0,0,0,0
tequila cocktail,0,0,0,0,0,0,0,0,0,0,0,0,0,0
summer fruit,0,0,0,0,0,0,0,0,0,0,0,0,0,0
carrot cake,1,0,1,0,0,0,1,1,0,0,0,0,0,0
christmas cake,1,0,1,0,0,0,1,1,0,0,0,0,0,0
pasty,1,0,1,0,0,0,0,0,0,0,0,0,0,0
creme caramel,0,0,1,0,0,0,1,0,0,0,0,0,0,0
garlic bread,1,0,0,0,0,0,1,0,0,0,0,0,0,0
clementine,0,0,0,0,0,0,0,0,0,0,0,0,0,0
shredded coconut,0,0,0,0,0,0,0,0,0,0,0,0,0,0
coconut,0,0,0,0,0,0,0,0,0,0,0,0,0,0
coconut cream,0,0,0,0,0,0,0,0,0,0,0,0,0,0
sweetened coconut cream,0,0,0,0,0,0,0,0,0,0,0,0,0,0
unsweetened coconut cream,0,0,0,0,0,0,0,0,0,0,0,0,0,0
dessicated coconut,0,0,0,0,0,0,0,0,0,0,0,0,0,0
prawn curry,0,1,0,0,0,0,0,0,0,0,0,0,0,0
coffee cake,1,0,1,0,0,0,1,0,0,0,0,0,0,0
walnut,0,0,0,0,0,0,0,1,0,0,0,0,0,0
white cabbage,0,0,0,0,0,0,0,0,0,0,0,0,0,0
coley,0,0,0,1,0,0,0,0,0,0,0,0,0,0
duck confit,0,0,0,0,0,0,0,0,0,0,0,0,0,0
coq au vin,0,0,0,0,0,0,0,0,0,0,0,1,0,0
cornbread,1,0,1,0,0,0,0,0,0,0,0,0,0,0
corned beef,0,0,0,0,0,0,0,0,0,0,0,1,0,0
sweetcorn,0,0,0,0,0,0,0,0,0,0,0,0,0,0
waxy potato,0,0,0,0,0,0,0,0,0,0,0,0,0,0
courgette,0,0,0,0,0,0,0,0,0,0,0,0,0,0
crab apple,0,0,0,0,0,0,0,0,0,0,0,0,0,0
crab,0,1,0,0,0,0,0,0,0,0,0,0,0,0
rice flour,0,0,0,0,0,0,0,0,0,0,0,0,0,0
cranachan,0,0,1,0,0,0,1,0,0,0,0,0,0,0
cumberland sauce,0,0,0,0,0,0,0,0,0,0,0,1,0,0
cranberry,0,0,0,0,0,0,0,0,0,0,0,0,0,0
cranberry sauce,0,0,0,0,0,0,0,0,0,0,0,0,0,0
single cream,0,0,0,0,0,0,1,0,0,0,0,0,0,0
heavy cream,0,0,0,0,0,0,1,0,0,0,0,0,0,0
double cream,0,0,0,0,0,0,1,0,0,0,0,0,0,0
soured cream,0,0,0,0,0,0,1,0,0,0,0,0,0,0
sour cream,0,0,0,0,0,0,1,0,0,0,0,0,0,0
mushroom,0,0,0,0,0,0,0,0,0,0,0,0,0,0
white wine,0,0,0,0,0,0,0,0,0,0,0,1,0,0
celeriac,0,0,0,0,0,0,0,0,0,0,0,0,0,0
duck,0,0,0,0,0,0,0,0,0,0,0,0,0,0
chicken salad,0,0,0,0,0,0,0,0,0,0,0,0,0,0
new potatoes,0,0,0,0,0,0,0,0,0,0,0,0,0,0
potato rosti,0,0,0,0,0,0,0,0,0,0,0,0,0,0
gruyere cheese,0,0,0,0,0,0,1,0,0,0,0,0,0,0
gruyère,0,0,0,0,0,0,1,0,0,0,0,0,0,0
pork shoulder,0,0,0,0,0,0,0,0,0,0,0,0,0,0
raita,0,0,0,0,0,0,1,0,0,0,0,0,0,0
chilled soup,0,0,0,0,0,0,0,0,0,0,0,0,0,0
cavolo nero,0,0,0,0,0,0,0,0,0,0,0,0,0,0
blackcurrant juice drink,0,0,0,0,0,0,0,0,0,0,0,0,0,0
rum cocktail,0,0,0,0,0,0,0,0,0,0,0,0,0,0
paratha,0,1,0,0,0,0,0,0,0,0,0,0,0,0
damsons,0,0,0,0,0,0,0,0,0,0,0,0,0,0
biscotti,1,0,1,0,0,0,0,1,0,0,0,0,0,0
dauphinoise potatoes,0,0,0,0,0,0,1,0,0,0,0,0,0,0
cod,0,0,0,1,0,0,0,0,0,0,0,0,0,0
fish and chips,1,0,0,1,0,0,0,0,0,0,0,0,0,0
pork,0,0,0,0,0,0,0,0,0,0,0,0,0,0
pandan leaves,0,0,0,0,0,0,0,0,0,0,0,0,0,0
dill,0,0,0,0,0,0,0,0,0,0,0,0,0,0
dill pickle,0,0,0,0,0,0,0,0,0,0,0,0,0,0
dolmades,0,0,0,0,0,0,0,0,0,0,0,0,0,0
vine leaves,0,0,0,0,0,0,0,0,0,0,0,0,0,0
apple cake,1,0,1,0,0,0,1,0,0,0,0,0,0,0
doughnuts,1,0,1,0,0,0,1,0,0,0,0,0,0,0
couscous salad,1,0,0,0,0,0,0,0,0,0,0,0,0,0
hoisin sauce,0,0,0,0,0,1,0,0,0,0,0,0,0,0
tamarind,0,0,0,0,0,0,0,0,0,0,0,0,0,0
dried fruit,0,0,0,0,0,0,0,0,0,0,0,1,0,0
minced garlic,0,0,0,0,0,0,0,0,0,0,0,1,0,0
tea,0,0,0,0,0,0,0,0,0,0,0,0,0,0
bread sauce,1,0,0,0,0,0,1,0,0,0,0,0,0,0
risotto rice,0,0,0,0,0,0,0,0,0,0,0,0,0,0
noodle soup,1,0,0,0,0,0,0,0,0,0,0,0,0,0
chocolate,0,0,0,0,0,0,1,1,0,0,0,0,0,0
chocolate cake,1,0,1,0,0,0,1,0,0,0,0,0,0,0
cocoa,0,0,0,0,0,0,0,0,0,0,0,0,0,0
gravy,1,0,0,0,0,1,0,0,0,0,0,1,0,0
vegetable gravy,1,0,0,0,0,1,0,0,0,0,0,1,0,0
biryani,0,0,0,0,0,0,0,0,0,0,0,0,0,0
lemon,0,0,0,0,0,0,0,0,0,0,0,0,0,0
zest,0,0,0,0,0,0,0,0,0,0,0,0,0,0
digestive biscuit,1,0,0,0,0,0,1,0,0,0,0,0,0,0
cabbage,0,0,0,0,0,0,0,0,0,0,0,0,0,0
rhubarb,0,0,0,0,0,0,0,0,0,0,0,0,0,0
soured cream,0,0,0,0,0,0,1,0,0,0,0,0,0,0
beef mince,0,0,0,0,0,0,0,0,0,0,0,0,0,0
spaghetti bolognese,1,0,0,0,0,0,0,0,0,0,0,0,0,0
salsa,0,0,0,0,0,0,0,0,0,0,0,0,0,0
vanilla extract,0,0,0,0,0,0,0,0,0,0,0,0,0,0
eggs benedict,1,0,1,0,0,0,1,0,0,0,0,0,0,0
fish roe,0,0,0,1,0,0,0,0,0,0,0,0,0,0
filo pastry,1,0,0,0,0,0,0,0,0,0,0,0,0,0
custard tart,1,0,1,0,0,0,1,0,0,0,0,0,0,0
fried rice,0,0,0,0,0,1,0,0,0,0,0,0,0,0
elderflower,0,0,0,0,0,0,0,0,0,0,0,0,0,0
english muffin,1,0,0,0,0,0,0,0,0,0,0,0,0,0
escalope,0,0,0,0,0,0,0,0,0,0,0,0,0,0
red snapper,0,0,0,1,0,0,0,0,0,0,0,0,0,0
eton mess,0,0,1,0,0,0,1,0,0,0,0,0,0,0
lasagne sheets,1,0,0,0,0,0,0,0,0,0,0,0,0,0
fajitas,0,0,0,0,0,0,0,0,0,0,0,0,0,0
gram flour,0,0,0,0,0,0,0,0,0,0,0,0,0,0
sumac,0,0,0,0,0,0,0,0,0,0,0,0,0,0
fish,0,0,0,1,0,0,0,0,0,0,0,0,0,0
nigella seeds,0,0,0,0,0,0,0,0,0,0,0,0,0,0
fettuccine,1,0,0,0,0,0,0,0,0,0,0,0,0,0
morel,0,0,0,0,0,0,0,0,0,0,0,0,0,0
pak choi,0,0,0,0,0,0,0,0,0,0,0,0,0,0
cuttlefish,0,0,0,0,0,0,0,0,0,0,0,0,0,1
octopus,0,0,0,0,0,0,0,0,0,0,0,0,0,1
golden syrup,0,0,0,0,0,0,0,0,0,0,0,0,0,0
floating islands,0,0,1,0,0,0,1,0,0,0,0,0,0,0
baking powder,0,0,0,0,0,0,0,0,0,0,0,0,0,0
maple syrup,0,0,0,0,0,0,0,0,0,0,0,0,0,0
plain flour,1,0,0,0,0,0,0,0,0,0,0,0,0,0
wheat flour,1,0,0,0,0,0,0,0,0,0,0,0,0,0
all purpose flour,1,0,0,0,0,0,0,0,0,0,0,0,0,0
all-purpose flour,1,0,0,0,0,0,0,0,0,0,0,0,0,0
self raising flour,1,0,0,0,0,0,0,0,0,0,0,0,0,0
self-raising flour,1,0,0,0,0,0,0,0,0,0,0,0,0,0
flour,1,0,0,0,0,0,0,0,0,0,0,0,0,0
focaccia,1,0,0,0,0,0,0,0,0,0,0,0,0,0
olive oil,0,0,0,0,0,0,0,0,0,0,0,0,0,0
extra-virgin olive oil,0,0,0,0,0,0,0,0,0,0,0,0,0,0
fondant potatoes,0,0,0,0,0,0,0,0,0,0,0,0,0,0
fondant fancies,1,0,1,0,0,0,1,0,0,0,0,0,0,0
lettuce,0,0,0,0,0,0,0,0,0,0,0,0,0,0
salad leaves,0,0,0,0,0,0,0,0,0,0,0,0,0,0
truffle,0,0,0,0,0,0,0,0,0,0,0,0,0,0
freekeh,1,0,0,0,0,0,0,0,0,0,0,0,0,0
pineapple juice,0,0,0,0,0,0,0,0,0,0,0,0,0,0
calvados,0,0,0,0,0,0,0,0,0,0,0,0,0,0
french toast,1,0,1,0,0,0,1,0,0,0,0,0,0,0
ciabatta,1,0,0,0,0,0,0,0,0,0,0,0,0,0
gorgonzola cheese,0,0,0,0,0,0,1,0,0,0,0,0,0,0
fruit,0,0,0,0,0,0,0,0,0,0,0,0,0,0
chilaquiles,1,0,1,0,0,0,0,0,0,0,0,0,0,0
corn oil,0,0,0,0,0,0,0,0,0,0,0,0,0,0
tomatillo,0,0,0,0,0,0,0,0,0,0,0,0,0,0
red mullet,0,0,0,1,0,0,0,0,0,0,0,0,0,0
cookies,1,0,0,0,0,0,0,1,0,0,0,0,0,0
milk chocolate,0,0,0,0,0,0,1,0,0,0,0,0,0,0
cobnut,0,0,0,0,0,0,0,1,0,0,0,0,0,0
berry,0,0,0,0,0,0,0,0,0,0,0,0,0,0
fruit tart,1,0,1,0,0,0,1,0,0,0,0,0,0,0
brown sugar,0,0,0,0,0,0,0,0,0,0,0,0,0,0
fudge,0,0,0,0,0,0,1,0,0,0,0,0,0,0
cooked breakfast,1,0,1,0,0,0,1,0,0,0,0,0,0,0
tempeh,0,0,0,0,0,1,0,0,0,0,0,0,0,0
partridge,0,0,0,0,0,0,0,0,0,0,0,0,0,0
fat,0,0,0,0,0,0,0,0,0,0,0,0,0,0
game,0,0,0,0,0,0,0,0,0,0,0,0,0,0
hare,0,0,0,0,0,0,0,0,0,0,0,0,0,0
terrine,0,0,0,0,0,0,0,0,0,0,0,0,0,0
sherry vinegar,0,0,0,0,0,0,0,0,0,0,0,1,0,0
pork chop,0,0,0,0,0,0,0,0,0,0,0,0,0,0
pasta,1,0,1,0,0,0,0,0,0,0,0,0,0,0
butter bean,0,0,0,0,0,0,0,0,0,0,0,0,0,0
lime juice,0,0,0,0,0,0,0,0,0,0,0,0,0,0
fresh lime juice,0,0,0,0,0,0,0,0,0,0,0,0,0,0
bottled lime juice,0,0,0,0,0,0,0,0,0,0,0,1,0,0
ginger biscuit,1,0,0,0,0,0,0,0,0,0,0,0,0,0
crystallised ginger,0,0,0,0,0,0,0,0,0,0,0,1,0,0
ginger ground,0,0,0,0,0,0,0,0,0,0,0,0,0,0
cake,1,0,1,0,0,0,1,0,0,0,0,0,0,0
ginger,0,0,0,0,0,0,0,0,0,0,0,0,0,0
tonic,0,0,0,0,0,0,0,0,0,0,0,0,0,0
gin,0,0,0,0,0,0,0,0,0,0,0,0,0,0
gin cocktail,0,0,0,0,0,0,0,0,0,0,0,0,0,0
pine nut,0,0,0,0,0,0,0,1,0,0,0,0,0,0
ground almonds,0,0,0,0,0,0,0,1,0,0,0,0,0,0
mutton,0,0,0,0,0,0,0,0,0,0,0,0,0,0
goats cheese,0,0,0,0,0,0,1,0,0,0,0,0,0,0
goat,0,0,0,0,0,0,0,0,0,0,0,0,0,0
turmeric,0,0,0,0,0,0,0,0,0,0,0,0,0,0
fruit fool,0,0,0,0,0,0,1,0,0,0,0,0,0,0
gooseberry,0,0,0,0,0,0,0,0,0,0,0,0,0,0
goose fat,0,0,0,0,0,0,0,0,0,0,0,0,0,0
mixed spice,0,0,0,0,0,0,0,0,0,0,0,0,0,0
grapefruit,0,0,0,0,0,0,0,0,0,0,0,0,0,0
sausage casserole,0,0,0,0,0,0,0,0,0,0,0,0,0,0
chicken thigh,0,0,0,0,0,0,0,0,0,0,0,0,0,0
boneless chicken thigh,0,0,0,0,0,0,0,0,0,0,0,0,0,0
skinless chicken thigh,0,0,0,0,0,0,0,0,0,0,0,0,0,0
pasta salad,1,0,0,0,0,0,0,0,0,0,0,0,0,0
greek salad,0,0,0,0,0,0,0,0,0,0,0,0,0,0
curry paste,0,0,0,0,0,0,0,0,0,0,0,0,0,0
salad,0,0,0,0,0,0,0,0,0,0,0,0,0,0
couscous,1,0,0,0,0,0,0,0,0,0,0,0,0,0
herbes de provence,0,0,0,0,0,0,0,0,0,0,0,0,0,0
bacon,0,0,0,0,0,0,0,0,0,0,0,0,0,0
mackerel,0,0,0,1,0,0,0,0,0,0,0,0,0,0
seafood,0,1,0,1,0,0,0,0,0,0,0,0,0,1
guacamole,0,0,0,0,0,0,0,0,0,0,0,0,0,0
haggis,1,0,0,0,0,0,0,0,0,0,0,0,0,0
whisky,0,0,0,0,0,0,0,0,0,0,0,0,0,0
gouda cheese,0,0,0,0,0,0,1,0,0,0,0,0,0,0
crayfish,0,1,0,0,0,0,0,0,0,0,0,0,0,0
coleslaw,0,0,0,0,0,0,1,0,0,0,0,0,0,0
polenta,0,0,0,0,0,0,0,0,0,0,0,0,0,0
scallop,0,0,0,0,0,0,0,0,0,0,0,0,0,1
whole wheat pasta,1,0,0,0,0,0,0,0,0,0,0,0,0,0
wholemeal flour,1,0,0,0,0,0,0,0,0,0,0,0,0,0
bouquet garni,0,0,0,0,0,0,0,0,0,0,0,0,0,0
kebab,0,0,0,0,0,0,0,0,0,0,0,0,0,0
flageolet bean,0,0,0,0,0,0,0,0,0,0,0,0,0,0
carpaccio,0,0,0,0,0,0,0,0,0,0,0,0,0,0
herring,0,0,0,1,0,0,0,0,0,0,0,0,0,0
butterhead lettuce,0,0,0,0,0,0,0,0,0,0,0,0,0,0
hollandaise sauce,0,0,1,0,0,0,1,0,0,0,0,0,0,0
white wine vinegar,0,0,0,0,0,0,0,0,0,0,0,1,0,0
croissant,1,0,1,0,0,0,1,0,0,0,0,0,0,0
oil,0,0,0,0,0,0,0,0,0,0,0,0,0,0
falafel,0,0,0,0,0,0,0,0,0,0,0,0,0,0
cream liqueur,0,0,0,0,0,0,1,0,0,0,0,0,0,0
gammon,0,0,0,0,0,0,0,0,0,0,0,0,0,0
honeycomb,0,0,0,0,0,0,0,0,0,0,0,0,0,0
flapjacks,1,0,0,0,0,0,0,1,0,0,0,0,0,0
wholegrain mustard,0,0,0,0,0,0,0,0,0,1,0,0,0,0
carrot,0,0,0,0,0,0,0,0,0,0,0,0,0,0
currant bun,1,0,0,0,0,0,0,0,0,0,0,0,0,0
souffle,0,0,1,0,0,0,1,0,0,0,0,0,0,0
chilli sauce,0,0,0,0,0,0,0,0,0,0,0,0,0,0
ham,0,0,0,0,0,0,0,0,0,0,0,0,0,0
beetroot,0,0,0,0,0,0,0,0,0,0,0,0,0,0
chicken breast,0,0,0,0,0,0,0,0,0,0,0,0,0,0
skinless chicken breast,0,0,0,0,0,0,0,0,0,0,0,0,0,0
boneless chicken breast,0,0,0,0,0,0,0,0,0,0,0,0,0,0
steak pie,1,0,0,0,0,0,1,0,0,0,0,0,0,0
pasta sauce,0,0,0,0,0,0,0,0,0,0,0,0,0,0
tinned tomatoes,0,0,0,0,0,0,0,0,0,0,0,0,0,0
tomato,0,0,0,0,0,0,0,0,0,0,0,0,0,0
banoffee pie,1,0,1,0,0,0,1,0,0,0,0,0,0,0
condensed milk,0,0,0,0,0,0,1,0,0,0,0,0,0,0
sweetened condensed milk,0,0,0,0,0,0,1,0,0,0,0,0,0,0
unsweetened condensed milk,0,0,0,0,0,0,1,0,0,0,0,0,0,0
teriyaki,0,0,0,0,0,1,0,0,0,0,0,0,0,0
pectin,0,0,0,0,0,0,0,0,0,0,0,0,0,0
chutney,0,0,0,0,0,0,0,0,0,0,0,0,0,0
cream cheese,0,0,0,0,0,0,1,0,0,0,0,0,0,0
chilli paste,0,0,0,0,0,0,0,0,0,0,0,0,0,0
egg yolk,0,0,1,0,0,0,0,0,0,0,0,0,0,0
fairy cakes,1,0,1,0,0,0,1,0,0,0,0,0,0,0
breadcrumbs,1,0,0,0,0,0,0,0,0,0,0,0,0,0
fish pie,1,0,1,1,0,0,1,0,0,0,0,0,0,0
french bread,1,0,0,0,0,0,0,0,0,0,0,0,0,0
onion,0,0,0,0,0,0,0,0,0,0,0,0,0,0
double cream,0,0,0,0,0,0,1,0,0,0,0,0,0,0
ice cream,0,0,0,0,0,0,1,0,0,0,0,0,0,0
icing,0,0,0,0,0,0,0,0,0,0,0,0,0,0
jam,0,0,0,0,0,0,0,0,0,0,0,0,0,0
raspberry jam,0,0,0,0,0,0,0,0,0,0,0,0,0,0
marmalade,0,0,0,0,0,0,0,0,0,0,0,0,0,0
seville orange,0,0,0,0,0,0,0,0,0,0,0,0,0,0
meringue,0,0,1,0,0,0,0,0,0,0,0,0,0,0
basil,0,0,0,0,0,0,0,0,0,0,0,0,0,0
pesto,0,0,0,0,0,0,0,1,0,0,0,0,0,0
pizza,1,0,0,0,0,0,1,0,0,0,0,0,0,0
preserved lemons,0,0,0,0,0,0,0,0,0,0,0,0,0,0
puff pastry,1,0,1,0,0,0,1,0,0,0,0,0,0,0
egg,0,0,1,0,0,0,0,0,0,0,0,0,0,0
scrambled eggs,0,0,1,0,0,0,0,0,0,0,0,0,0,0
sourdough bread,1,0,0,0,0,0,0,0,0,0,0,0,0,0
trifle,1,0,1,0,0,0,1,0,0,0,0,0,0,0
capers,0,0,0,0,0,0,0,0,0,0,0,0,0,0
trout,0,0,0,1,0,0,0,0,0,0,0,0,0,0
mixed berries,0,0,0,0,0,0,0,0,0,0,0,0,0,0
coffee,0,0,0,0,0,0,0,0,0,0,0,0,0,0
soda bread,1,0,0,0,0,0,0,0,0,0,0,0,0,0
chowder,0,0,0,0,0,0,1,0,0,0,0,0,0,0
beef tomato,0,0,0,0,0,0,0,0,0,0,0,0,0,0
steamed pudding,1,0,0,0,0,0,1,0,0,0,0,0,0,0
suet,0,0,0,0,0,0,0,0,0,0,0,0,0,0
shiitake mushroom,0,0,0,0,0,0,0,0,0,0,0,0,0,0
allspice,0,0,0,0,0,0,0,0,0,0,0,0,0,0
jerusalem artichoke,0,0,0,0,0,0,0,0,0,0,0,0,0,0
truffle oil,0,0,0,0,0,0,0,0,0,0,0,0,0,0
kale,0,0,0,0,0,0,0,0,0,0,0,0,0,0
black cardamom,0,0,0,0,0,0,0,0,0,0,0,0,0,0
kiwi fruit,0,0,0,0,0,0,0,0,0,0,0,0,0,0
kedgeree,1,0,0,1,0,0,0,0,0,0,0,0,0,0
cassia bark,0,0,0,0,0,0,0,0,0,0,0,0,0,0
lime,0,0,0,0,0,0,0,0,0,0,0,0,0,0
chinese cabbage,0,0,0,0,0,0,0,0,0,0,0,0,0,0
gochugaru,0,0,0,0,0,0,0,0,0,0,0,0,0,0
kimchi,0,0,0,0,0,0,0,0,0,0,0,0,0,0
kipper,0,0,0,1,0,0,0,0,0,0,0,0,0,0
coriander cress,0,0,0,0,0,0,0,0,0,0,0,0,0,0
patisserie,1,0,0,0,0,0,1,0,0,0,0,0,0,0
lingonberry,0,0,0,0,0,0,0,0,0,0,0,0,0,0
manchego cheese,0,0,0,0,0,0,1,0,0,0,0,0,0,0
lamb fillet,0,0,0,0,0,0,0,0,0,0,0,0,0,0
lamb neck,0,0,0,0,0,0,0,0,0,0,0,0,0,0
lamb kofta,0,0,0,0,0,0,0,0,0,0,0,0,0,0
lamb mince,0,0,0,0,0,0,0,0,0,0,0,0,0,0
lamb stew,0,0,0,0,0,0,0,0,0,0,0,0,0,0
gherkin,0,0,0,0,0,0,0,0,0,0,0,0,0,0
lamb burgers,0,0,0,0,0,0,0,0,0,0,0,0,0,0
relish,0,0,0,0,0,0,0,0,0,0,0,0,0,0
lamb curry,0,0,0,0,0,0,0,0,0,0,0,0,0,0
lard,0,0,0,0,0,0,0,0,0,0,0,0,0,0
lardy cake,1,0,0,0,0,0,1,0,0,0,0,0,0,0
rocket,0,0,0,0,0,0,0,0,0,0,0,0,0,0
leek,0,0,0,0,0,0,0,0,0,0,0,0,0,0
caerphilly cheese,0,0,0,0,0,0,1,0,0,0,0,0,0,0
leftover turkey,0,0,0,0,0,0,0,0,0,0,0,0,0,0
lemon sole,0,0,0,1,0,0,0,0,0,0,0,0,0,0
sole,0,0,0,1,0,0,0,0,0,0,0,0,0,0
syllabub,0,0,0,0,0,0,1,0,0,0,0,0,0,0
turkey,0,0,0,0,0,0,0,0,0,0,0,0,0,0
lemon cake,1,0,0,0,0,0,1,0,0,0,0,0,0,0
lemon curd,0,0,0,0,0,0,1,0,0,0,0,0,0,0
lemon juice,0,0,0,0,0,0,0,0,0,0,0,0,0,0
fresh lemon juice,0,0,0,0,0,0,0,0,0,0,0,0,0,0
bottled lemon juice,0,0,0,0,0,0,0,0,0,0,0,1,0,0
madeira,0,0,0,0,0,0,0,0,0,0,0,0,0,0
chicken stock,1,0,0,0,0,0,0,0,1,0,0,0,0,0
chicken broth,1,0,0,0,0,0,0,0,1,0,0,0,0,0
beef stock,1,0,0,0,0,0,0,0,1,0,0,0,0,0
beef broth,1,0,0,0,0,0,0,0,1,0,0,0,0,0
peanut butter,0,0,0,0,1,0,0,0,0,0,0,0,0,0
cupcakes,1,0,1,0,0,0,1,0,0,0,0,0,0,0
lemon balm,0,0,0,0,0,0,0,0,0,0,0,0,0,0
lemon meringue pie,1,0,1,0,0,0,1,0,0,0,0,0,0,0
pavlova,0,0,1,0,0,0,0,0,0,0,0,0,0,0
shrimp,0,1,0,0,0,0,0,0,0,0,0,0,0,0
sorbet,0,0,0,0,0,0,0,0,0,0,0,0,0,0
mousse,0,0,1,0,0,0,1,0,0,0,0,0,0,0
chinese mushrooms,0,0,0,0,0,0,0,0,0,0,0,0,0,0
chestnut mushroom,0,0,0,0,0,0,0,0,0,0,0,0,0,0
liver,0,0,0,0,0,0,0,0,0,0,0,0,0,0
lobster,0,1,0,0,0,0,0,0,0,0,0,0,0,0
soya bean,0,0,0,0,0,1,0,0,0,0,0,0,0,0
quark,0,0,0,0,0,0,1,0,0,0,0,0,0,0
meat pie,1,0,0,0,0,0,0,0,0,0,0,0,0,0
macaroon,0,0,0,0,0,0,0,1,0,0,0,0,0,0
oily fish,0,0,0,1,0,0,0,0,0,0,0,0,0,0
macaroni,1,0,0,0,0,0,0,0,0,0,0,0,0,0
macaroni cheese,1,0,0,0,0,0,1,0,0,0,0,0,0,0
madeira cake,1,0,0,0,0,0,1,0,0,0,0,0,0,0
madeleines,1,0,1,0,0,0,1,0,0,0,0,0,0,0
quinoa,0,0,0,0,0,0,0,0,0,0,0,0,0,0
mango chutney,0,0,0,0,0,0,0,0,0,0,0,0,0,0
fruit juice,0,0,0,0,0,0,0,0,0,0,0,0,0,0
mango juice,0,0,0,0,0,0,0,0,0,0,0,0,0,0
mango,0,0,0,0,0,0,0,0,0,0,0,0,0,0
chia seeds,0,0,0,0,0,0,0,0,0,0,0,0,0,0
parsnip,0,0,0,0,0,0,0,0,0,0,0,0,0,0
loaf cake,1,0,1,0,0,0,1,0,0,0,0,0,0,0
vermicelli,1,0,0,0,0,0,0,0,0,0,0,0,0,0
glace cherries,0,0,0,0,0,0,0,0,0,0,0,0,0,0
victoria sponge,1,0,1,0,0,0,1,0,0,0,0,0,0,0
candied peel,0,0,0,0,0,0,0,0,0,0,0,0,0,0
hot cross buns,1,0,1,0,0,0,1,0,0,0,0,0,0,0
peel,0,0,0,0,0,0,0,0,0,0,0,0,0,0
lasagne,1,0,0,0,0,0,1,0,0,0,0,0,0,0
bread and butter pudding,1,0,1,0,0,0,1,0,0,0,0,0,0,0
treacle tart,1,0,0,0,0,0,0,0,0,0,0,0,0,0
marzipan,0,0,0,0,0,0,0,1,0,0,0,0,0,0
mashed potato,0,0,0,0,0,0,1,0,0,0,0,0,0,0
buttery mash,0,0,0,0,0,0,1,0,0,0,0,0,0,0
matzo,1,0,0,0,0,0,0,0,0,0,0,0,0,0
cocktails,0,0,0,0,0,0,0,0,0,0,0,0,0,0
cranberry juice,0,0,0,0,0,0,0,0,0,0,0,0,0,0
fresh cranberry juice,0,0,0,0,0,0,0,0,0,0,0,0,0,0
bottled cranberry juice,0,0,0,0,0,0,0,0,0,0,0,1,0,0
lamb chop,0,0,0,0,0,0,0,0,0,0,0,0,0,0
tarts,1,0,1,0,0,0,1,0,0,0,0,0,0,0
citrus fruit,0,0,0,0,0,0,0,0,0,0,0,0,0,0
orange,0,0,0,0,0,0,0,0,0,0,0,0,0,0
chocolate fondant,1,0,1,0,0,0,1,0,0,0,0,0,0,0
membrillo,0,0,0,0,0,0,0,0,0,0,0,0,0,0
pomelo,0,0,0,0,0,0,0,0,0,0,0,0,0,0
stilton cheese,0,0,0,0,0,0,1,0,0,0,0,0,0,0
egg white,0,0,1,0,0,0,0,0,0,0,0,0,0,0
hake,0,0,0,1,0,0,0,0,0,0,0,0,0,0
chard,0,0,0,0,0,0,0,0,0,0,0,0,0,0
green lentil,0,0,0,0,0,0,0,0,0,0,0,0,0,0
milkshake,0,0,0,0,0,0,1,0,0,0,0,0,0,0
mincemeat,1,0,0,0,0,0,0,0,0,0,0,0,0,0
cape gooseberries,0,0,0,0,0,0,0,0,0,0,0,0,0,0
minestrone soup,1,0,0,0,0,0,0,0,1,0,0,0,0,0
creme fraiche,0,0,0,0,0,0,1,0,0,0,0,0,0,0
miso,0,0,0,0,0,1,0,0,0,0,0,0,0,0
buckwheat,0,0,0,0,0,0,0,0,0,0,0,0,0,0
bean,0,0,0,0,0,0,0,0,0,0,0,0,0,0
mojito,0,0,0,0,0,0,0,0,0,0,0,0,0,0
rum,0,0,0,0,0,0,0,0,0,0,0,0,0,0
chicken tagine,0,0,0,0,0,0,0,0,0,0,0,0,0,0
lamb tagine,0,0,0,0,0,0,0,0,0,0,0,0,0,0
argan oil,0,0,0,0,0,0,0,0,0,0,0,0,0,0
moules mariniere,0,0,0,1,0,0,0,0,0,0,0,0,0,1
mussel,0,0,0,0,0,0,0,0,0,0,0,0,0,1
shellfish,0,1,0,0,0,0,0,0,0,0,0,0,0,1
moussaka,1,0,1,0,0,0,1,0,0,0,0,0,0,0
olive,0,0,0,0,0,0,0,0,0,0,0,0,0,0
tapenade,0,0,0,0,0,0,0,0,0,0,0,0,0,0
mulled wine,0,0,0,0,0,0,0,0,0,0,0,1,0,0
soup,1,0,0,0,0,0,0,0,0,0,0,0,0,0
crackers,1,0,0,0,0,0,0,0,0,0,0,0,0,0
porcini,0,0,0,0,0,0,0,0,0,0,0,0,0,0
chestnut mushroom,0,0,0,0,0,0,0,0,0,0,0,0,0,0
crostini,1,0,0,0,0,0,0,0,0,0,0,0,0,0
oyster mushroom,0,0,0,0,0,0,0,0,0,0,0,0,0,0
chanterelle mushrooms,0,0,0,0,0,0,0,0,0,0,0,0,0,0
mustard powder,0,0,0,0,0,0,0,0,1,1,0,0,0,0
lancashire cheese,0,0,0,0,0,0,1,0,0,0,0,0,0,0
ghee,0,0,0,0,0,0,1,0,0,0,0,0,0,0
naan bread,1,0,0,0,0,0,0,0,0,0,0,0,0,0
nachos,1,0,0,0,0,0,0,0,0,0,0,0,0,0
ketjap manis,0,0,0,0,0,1,0,0,0,0,0,0,0,0
nduja,0,0,0,0,0,0,0,0,0,0,0,0,0,0
scrag,0,0,0,0,0,0,0,0,0,0,0,0,0,0
nectarine,0,0,0,0,0,0,0,0,0,0,0,0,0,0
grapes,0,0,0,0,0,0,0,0,0,0,0,0,0,0
iceberg lettuce,0,0,0,0,0,0,0,0,0,0,0,0,0,0
cannellini beans,0,0,0,0,0,0,0,0,0,0,0,0,0,0
thyme,0,0,0,0,0,0,0,0,0,0,0,0,0,0
cheesecake,1,0,1,0,0,0,1,1,0,0,0,0,0,0
pickled onion,0,0,0,0,0,0,0,0,0,0,0,1,0,0
pickled cocktail onion,0,0,0,0,0,0,0,0,0,0,0,1,0,0
grape juice,0,0,0,0,0,0,0,0,0,0,0,1,0,0
sparkling grape juice,0,0,0,0,0,0,0,0,0,0,0,1,0,0
white grape juice,0,0,0,0,0,0,0,0,0,0,0,1,0,0
white sparkling grape juice,0,0,0,0,0,0,0,0,0,0,0,1,0,0
pink sparkling grape juice,0,0,0,0,0,0,0,0,0,0,0,1,0,0
red grape juice,0,0,0,0,0,0,0,0,0,0,0,1,0,0
red sparkling grape juice,0,0,0,0,0,0,0,0,0,0,0,1,0,0
strawberry,0,0,0,0,0,0,0,0,0,0,0,0,0,0
juniper berries,0,0,0,0,0,0,0,0,0,0,0,0,0,0
seed,0,0,0,0,0,0,0,0,0,0,0,0,0,0
oatcake,1,0,0,0,0,0,0,0,0,0,0,0,0,0
oat milk,0,0,0,0,0,0,0,0,0,0,0,0,0,0
okra,0,0,0,0,0,0,0,0,0,0,0,0,0,0
bitters,0,0,0,0,0,0,0,0,0,0,0,0,0,0
rosemary,0,0,0,0,0,0,0,0,0,0,0,0,0,0
lime cordial,0,0,0,0,0,0,0,0,0,0,0,1,0,0
soda,0,0,0,0,0,0,0,0,0,0,0,0,0,0
turkey mince,0,0,0,0,0,0,0,0,0,0,0,0,0,0
french beans,0,0,0,0,0,0,0,0,0,0,0,0,0,0
prosciutto,0,0,0,0,0,0,0,0,0,0,0,0,0,0
bhaji,1,0,0,0,0,0,0,0,0,0,0,0,0,0
almond,0,0,0,0,0,0,0,1,0,0,0,0,0,0
almond cake,1,0,0,0,0,0,0,1,0,0,0,0,0,0
orange juice,0,0,0,0,0,0,0,0,0,0,0,0,0,0
fresh orange juice,0,0,0,0,0,0,0,0,0,0,0,0,0,0
bottled orange juice,0,0,0,0,0,0,0,0,0,0,0,1,0,0
bottled orange squash,0,0,0,0,0,0,0,0,0,0,0,1,0,0
fruit toppings,0,0,0,0,0,0,0,0,0,0,0,1,0,0
mandarin,0,0,0,0,0,0,0,0,0,0,0,0,0,0
creme brulee,0,0,1,0,0,0,1,0,0,0,0,0,0,0
cassoulet,0,0,0,0,0,0,0,0,0,0,0,0,0,0
pomegranate molasses,0,0,0,0,0,0,0,0,0,0,0,1,0,0
overnight oats,1,0,0,0,0,0,0,0,0,0,0,0,0,0
beef oxtail,0,0,0,0,0,0,0,0,0,0,0,0,0,0
pad thai,1,0,0,0,0,1,0,0,0,0,0,0,0,0
paella,1,0,0,1,0,0,0,0,0,0,0,0,0,0
flatfish,0,0,0,1,0,0,0,0,0,0,0,0,0,0
paneer,0,0,0,0,0,0,1,0,0,0,0,0,0,0
panettone,1,0,0,0,0,0,1,0,0,0,0,0,0,0
papaya,0,0,0,0,0,0,0,0,0,0,0,0,0,0
pappardelle,1,0,0,0,0,0,0,0,0,0,0,0,0,0
parsley,0,0,0,0,0,0,0,0,0,0,0,0,0,0
rigatoni,1,0,0,0,0,0,0,0,0,0,0,0,0,0
maraschino cherries,0,0,0,0,0,0,0,0,0,0,0,1,0,0
purple sprouting broccoli,0,0,0,0,0,0,0,0,0,0,0,0,0,0
pasta bakes,1,0,0,0,0,0,0,0,0,0,0,0,0,0
desiree potato,0,0,0,0,0,0,0,0,0,0,0,0,0,0
biscuit,1,0,0,0,0,0,0,0,0,0,0,0,0,0
baguette,1,0,0,0,0,0,0,0,0,0,0,0,0,0
bread,1,0,0,0,0,0,0,0,0,0,0,0,0,0
white bread,1,0,0,0,0,0,0,0,0,0,0,0,0,0
mince pies,1,0,0,0,0,0,0,0,0,0,0,0,0,0
amchoor,0,0,0,0,0,0,0,0,0,0,0,0,0,0
cobbler,1,0,0,0,0,0,0,0,0,0,0,0,0,0
peach,0,0,0,0,0,0,0,0,0,0,0,0,0,0
borage,0,0,0,0,0,0,0,0,0,0,0,0,0,0
peanut,0,0,0,0,1,0,0,0,0,0,0,0,0,0
dried cherries,0,0,0,0,0,0,0,0,0,0,0,1,0,0
dried potatoes,0,0,0,0,0,0,0,0,0,0,0,1,0,0
redcurrant jelly,0,0,0,0,0,0,0,0,0,0,0,0,0,0
pea,0,0,0,0,0,0,0,0,0,0,0,0,0,0
pecan nut,0,0,0,0,0,0,0,1,0,0,0,0,0,0
penne,1,0,0,0,0,0,0,0,0,0,0,0,0,0
spaghetti,1,0,1,0,0,0,0,0,0,0,0,0,0,0
welsh rarebit,1,0,0,0,0,0,1,0,0,0,0,0,0,0
apple pie,1,0,0,0,0,0,0,0,0,0,0,0,0,0
bramley apple,0,0,0,0,0,0,0,0,0,0,0,0,0,0
parmesan cheese,0,0,0,0,0,0,1,0,0,0,0,0,0,0
parmesan,0,0,0,0,0,0,1,0,0,0,0,0,0,0
risotto,1,0,0,0,0,0,0,0,0,0,0,0,0,0
wild mushroom,0,0,0,0,0,0,0,0,0,0,0,0,0,0
profiteroles,1,1,0,0,0,0,1,0,0,0,0,0,0,0
pistachio,0,0,0,0,0,0,0,1,0,0,0,0,0,0
brown lentil,0,0,0,0,0,0,0,0,0,0,0,0,0,0
pheasant,0,0,0,0,0,0,0,0,0,0,0,0,0,0
piccalilli,0,0,0,0,0,0,0,0,0,1,0,0,0,0
sponge fingers,1,0,1,0,0,0,0,0,0,0,0,0,0,0
cucumber,0,0,0,0,0,0,0,0,0,0,0,0,0,0
jalapeno chilli,0,0,0,0,0,0,0,0,0,0,0,0,0,0
pepper,0,0,0,0,0,0,0,0,0,0,0,0,0,0
basmati rice,0,0,0,0,0,0,0,0,0,0,0,0,0,0
parma ham,0,0,0,0,0,0,0,0,0,0,0,0,0,0
punch,0,0,0,0,0,0,0,0,0,0,0,0,0,0
pineapple,0,0,0,0,0,0,0,0,0,0,0,0,0,0
baharat,0,0,0,0,0,0,0,0,0,0,0,0,0,0
pitta bread,1,0,0,0,0,0,0,0,0,0,0,0,0,0
strong white flour,1,0,0,0,0,0,0,0,0,0,0,0,0,0
yeast,0,0,0,0,0,0,0,0,0,0,0,0,0,0
active yeast,0,0,0,0,0,0,0,0,0,0,0,0,0,0
dried yeast,0,0,0,0,0,0,0,0,0,0,0,0,0,0
dried active yeast,0,0,0,0,0,0,0,0,0,0,0,0,0,0
salami,0,0,0,0,0,0,0,0,0,0,0,0,0,0
compote,0,0,0,0,0,0,0,0,0,0,0,0,0,0
corn nut,0,0,0,0,0,0,0,0,0,0,0,0,0,0
corn nuts,0,0,0,0,0,0,0,0,0,0,0,0,0,0
cornnut,0,0,0,0,0,0,0,0,0,0,0,0,0,0
cornnuts,0,0,0,0,0,0,0,0,0,0,0,0,0,0
plum,0,0,0,0,0,0,0,0,0,0,0,0,0,0
zabaglione,0,0,1,0,0,0,1,0,0,0,0,0,0,0
pomegranate juice,0,0,0,0,0,0,0,0,0,0,0,0,0,0
vermouth,0,0,0,0,0,0,0,0,0,0,0,0,0,0
cashew,0,0,0,0,0,0,0,1,0,0,0,0,0,0
jaggery,0,0,0,0,0,0,0,0,0,0,0,0,0,0
popcorn,0,0,0,0,0,0,0,0,0,0,0,0,0,0
marshmallow,0,0,0,0,0,0,0,0,0,0,0,0,0,0
pork mince,0,0,0,0,0,0,0,0,0,0,0,0,0,0
stew,0,0,0,0,0,0,0,0,0,0,0,0,0,0
rillettes,0,0,0,0,0,0,0,0,0,0,0,0,0,0
fromage frais,0,0,0,0,0,0,1,0,0,0,0,0,0,0
porridge,1,0,0,0,0,0,0,0,0,0,0,0,0,0
samosa,1,0,0,0,0,0,0,0,0,0,0,0,0,0
jersey royal potatoes,0,0,0,0,0,0,0,0,0,0,0,0,0,0
potato wedges,0,0,0,0,0,0,0,0,0,0,0,0,0,0
gnocchi,1,0,0,0,0,0,0,0,0,0,0,0,0,0
gratin,0,0,0,0,0,0,0,0,0,0,0,0,0,0
pie,1,0,0,0,0,0,0,0,0,0,0,0,0,0
pie crust,1,0,0,0,0,0,1,0,0,0,0,0,0,0
vegetable shortening,0,0,0,0,0,0,0,0,0,0,0,0,0,0
vegetarian pie,1,0,0,0,0,0,0,0,0,0,0,0,0,0
sage,0,0,0,0,0,0,0,0,0,0,0,0,0,0
potato salad,0,0,0,0,0,0,0,0,0,0,0,0,0,0
lovage,0,0,0,0,0,0,0,0,0,0,0,0,0,0
pink fir apple,0,0,0,0,0,0,0,0,0,0,0,0,0,0
beef brisket,0,0,0,0,0,0,0,0,0,0,0,0,0,0
pollack,0,0,0,1,0,0,0,0,0,0,0,0,0,0
red wine vinegar,0,0,0,0,0,0,0,0,0,0,0,1,0,0
wine vinegar,0,0,0,0,0,0,0,0,0,0,0,1,0,0
balsamic vinegar,0,0,0,0,0,0,0,0,0,0,0,1,0,0
linguine,1,0,0,0,0,0,0,0,0,0,0,0,0,0
dim sum,1,0,0,0,0,0,0,0,0,0,0,0,0,0
tempura,1,0,0,0,0,0,0,0,0,0,0,0,0,0
prawn cocktail,0,1,0,0,0,0,0,0,0,0,0,0,0,0
prawn,0,1,0,0,0,0,0,0,0,0,0,0,0,0
pretzels,1,0,0,0,0,0,0,0,0,0,0,0,0,0
campagne loaf,1,0,0,0,0,0,0,0,0,0,0,0,0,0
canape,1,0,0,0,0,0,0,0,0,0,0,0,0,0
collar,0,0,0,0,0,0,0,0,0,0,0,0,0,0
pumpkin,0,0,0,0,0,0,0,0,0,0,0,0,0,0
breadfruit,0,0,0,0,0,0,0,0,0,0,0,0,0,0
acorn squash,0,0,0,0,0,0,0,0,0,0,0,0,0,0
puy lentils,0,0,0,0,0,0,0,0,0,0,0,0,0,0
queen of puddings,1,0,1,0,0,0,1,0,0,0,0,0,0,0
coriander fresh,0,0,0,0,0,0,0,0,0,0,0,0,0,0
quesadilla,1,0,0,0,0,0,1,0,0,0,0,0,0,0
quiche,1,0,1,0,0,0,1,0,0,0,0,0,0,0
nori,0,0,0,0,0,0,0,0,0,0,0,0,0,0
seaweed,0,0,0,0,0,0,0,0,0,0,0,0,0,0
sushi,1,0,0,1,0,0,0,0,0,0,0,0,0,1
sushi rice,0,0,0,0,0,0,0,0,0,0,0,0,0,0
tea bread,1,0,0,0,0,0,0,0,0,0,0,0,0,0
hummus,0,0,0,0,0,0,0,0,0,0,0,0,0,0
tartare sauce,0,0,1,1,0,0,0,0,0,0,0,0,0,0
flatbread,1,0,0,0,0,0,0,0,0,0,0,0,0,0
pepperoni,0,0,0,0,0,0,0,0,0,0,0,0,0,0
goji berries,0,0,0,0,0,0,0,0,0,0,0,0,0,0
rabbit,0,0,0,0,0,0,0,0,0,0,0,0,0,0
radicchio,0,0,0,0,0,0,0,0,0,0,0,0,0,0
radish,0,0,0,0,0,0,0,0,0,0,0,0,0,0
dumplings,1,0,0,0,0,0,0,0,0,0,0,0,0,0
ragu,0,0,0,0,0,0,0,0,0,0,0,0,0,0
red wine,0,0,0,0,0,0,0,0,0,0,0,1,0,0
food colouring,0,0,0,0,0,0,0,0,0,0,0,0,0,0
hot water crust pastry,1,0,0,0,0,0,0,0,0,0,0,0,0,0
ratatouille,0,0,0,0,0,0,0,0,0,0,0,0,0,0
camembert cheese,0,0,0,0,0,0,1,0,0,0,0,0,0,0
quick snacks,0,0,0,0,0,0,0,0,0,0,0,0,0,0
arborio rice,0,0,0,0,0,0,0,0,0,0,0,0,0,0
mint sauce,0,0,0,0,0,0,0,0,0,0,0,0,0,0
custard,0,0,1,0,0,0,1,0,0,0,0,0,0,0
milk,0,0,0,0,0,0,1,0,0,0,0,0,0,0
full-fat milk,0,0,0,0,0,0,1,0,0,0,0,0,0,0
low-fat milk,0,0,0,0,0,0,1,0,0,0,0,0,0,0
semi-skimmed milk,0,0,0,0,0,0,1,0,0,0,0,0,0,0
skimmed milk,0,0,0,0,0,0,1,0,0,0,0,0,0,0
fat free milk,0,0,0,0,0,0,1,0,0,0,0,0,0,0
vanilla pod,0,0,0,0,0,0,0,0,0,0,0,0,0,0
wood pigeon,0,0,0,0,0,0,0,0,0,0,0,0,0,0
plantain,0,0,0,0,0,0,0,0,0,0,0,0,0,0
red cabbage,0,0,0,0,0,0,0,0,0,0,0,0,0,0
redcurrant,0,0,0,0,0,0,0,0,0,0,0,0,0,0
lentil soup,0,0,0,0,0,0,0,0,0,0,0,0,0,0
crudites,0,0,0,0,0,0,0,0,0,0,0,0,0,0
pickle,0,0,0,0,0,0,0,0,0,0,0,0,0,0
red velvet cake,1,0,1,0,0,0,1,0,0,0,0,0,0,0
cream,0,0,0,0,0,0,1,0,0,0,0,0,0,0
rhubarb fool,0,0,0,0,0,0,1,0,0,0,0,0,0,0
angelica,0,0,0,0,0,0,0,0,0,0,0,0,0,0
custard powder,0,0,0,0,0,0,0,0,0,0,0,0,0,0
rhubarb crumble,1,0,0,0,0,0,0,0,0,0,0,0,0,0
forced rhubarb,0,0,0,0,0,0,0,0,0,0,0,0,0,0
brown rice,0,0,0,0,0,0,0,0,0,0,0,0,0,0
grain,0,0,0,0,0,0,0,0,0,0,0,0,0,0
nutmeg,0,0,0,0,0,0,0,0,0,0,0,0,0,0
pudding rice,0,0,0,0,0,0,0,0,0,0,0,0,0,0
rice pudding,0,0,0,0,0,0,1,0,0,0,0,0,0,0
red rice,0,0,0,0,0,0,0,0,0,0,0,0,0,0
chocolate brownies,1,0,0,0,0,0,1,0,0,0,0,0,0,0
dark chocolate,0,0,0,0,0,0,0,0,0,0,0,0,0,0
marsala wine,0,0,0,0,0,0,0,0,0,0,0,1,0,0
beef rib,0,0,0,0,0,0,0,0,0,0,0,0,0,0
pork belly,0,0,0,0,0,0,0,0,0,0,0,0,0,0
chestnut,0,0,0,0,0,0,0,1,0,0,0,0,0,0
chestnut puree,0,0,0,0,0,0,0,1,0,0,0,0,0,0
roast chicken,0,0,0,0,0,0,0,0,0,0,0,0,0,0
butternut squash,0,0,0,0,0,0,0,0,0,0,0,0,0,0
chump,0,0,0,0,0,0,0,0,0,0,0,0,0,0
vegetable soup,0,0,0,0,0,0,0,0,0,0,0,0,0,0
tagine,0,0,0,0,0,0,0,0,0,0,0,0,0,0
gravy browning,0,0,0,0,0,0,0,0,0,0,0,0,0,0
burrata,0,0,0,0,0,0,1,0,0,0,0,0,0,0
stuffed pepper,0,0,0,0,0,0,0,0,0,0,0,0,0,0
artichoke,0,0,0,0,0,0,0,0,0,0,0,0,0,0
roasted vegetables,0,0,0,0,0,0,0,0,0,0,0,0,0,0
lamb leg,0,0,0,0,0,0,0,0,0,0,0,0,0,0
pork loin,0,0,0,0,0,0,0,0,0,0,0,0,0,0
beef dripping,0,0,0,0,0,0,0,0,0,0,0,0,0,0
duck fat,0,0,0,0,0,0,0,0,0,0,0,0,0,0
potato,0,0,0,0,0,0,0,0,0,0,0,0,0,0
russet potato,0,0,0,0,0,0,0,0,0,0,0,0,0,0
roast potatoes,0,0,0,0,0,0,0,0,0,0,0,0,0,0
root vegetable,0,0,0,0,0,0,0,0,0,0,0,0,0,0
vegetable,0,0,0,0,0,0,0,0,0,0,0,0,0,0
asparagus,0,0,0,0,0,0,0,0,0,0,0,0,0,0
chicken,0,0,0,0,0,0,0,0,0,0,0,0,0,0
roast beef,0,0,0,0,0,0,0,0,0,0,0,0,0,0
giblets,0,0,0,0,0,0,0,0,0,0,0,0,0,0
goose,0,0,0,0,0,0,0,0,0,0,0,0,0,0
roast goose,0,0,0,0,0,0,0,0,0,0,0,0,0,0
roast lamb,0,0,0,0,0,0,0,0,0,0,0,0,0,0
lamb loin,0,0,0,0,0,0,0,0,0,0,0,0,0,0
monkfish,0,0,0,1,0,0,0,0,0,0,0,0,0,0
roast pork,0,0,0,0,0,0,0,0,0,0,0,0,0,0
squash,0,0,0,0,0,0,0,0,0,0,0,0,0,0
turkey breast,0,0,0,0,0,0,0,0,0,0,0,0,0,0
rock cake,1,0,1,0,0,1,1,1,0,0,0,0,0,0
petit fours,1,0,1,0,0,1,1,1,0,0,0,0,0,0
coconut flour,0,0,0,0,0,1,0,1,0,0,0,0,0,0
creamed coconut,0,0,0,0,0,1,0,1,0,0,0,0,0,0
chicory,0,0,0,0,0,0,0,0,0,0,0,0,0,0
apricot,0,0,0,0,0,0,0,0,0,0,0,0,0,0
dried apricot,0,0,0,0,0,0,0,0,0,0,0,1,0,0
royal icing,0,0,0,0,0,0,0,0,0,0,0,0,0,0
rump,0,0,0,0,0,0,0,0,0,0,0,0,0,0
ale,1,0,0,0,0,0,0,0,0,0,0,0,0,0
rye flour,1,0,0,0,0,0,0,0,0,0,0,0,0,0
crispbread,1,0,0,0,0,0,0,0,0,0,0,0,0,0
spinach,0,0,0,0,0,0,0,0,0,0,0,0,0,0
fenugreek,0,0,0,0,0,0,0,0,0,0,0,0,0,0
mangetout,0,0,0,0,0,0,0,0,0,0,0,0,0,0
torte,1,0,0,0,0,0,0,0,0,0,0,0,0,0
stuffing,1,0,0,0,0,0,0,0,0,0,0,0,0,0
nicoise salad,0,0,0,1,0,0,0,0,0,0,0,0,0,0
tuna fresh,0,0,0,1,0,0,0,0,0,0,0,0,0,0
anchovy,0,0,0,1,0,0,0,0,0,0,0,0,0,0
ceviche,0,0,0,1,0,0,0,0,0,0,0,0,0,0
salmon,0,0,0,1,0,0,0,0,0,0,0,0,0,0
fish curry,0,0,0,1,0,0,0,0,0,0,0,0,0,0
salmon en croute,1,0,0,1,0,0,0,0,0,0,0,0,0,0
yuzu,0,0,0,0,0,0,0,0,0,0,0,0,0,0
ackee,0,0,0,0,0,0,0,0,0,0,0,0,0,0
salt cod,0,0,0,1,0,0,0,0,0,0,0,0,0,0
sauerkraut,0,0,0,0,0,0,0,0,0,0,0,1,0,0
sev,0,0,0,0,0,0,0,0,0,0,0,0,0,0
mozzarella cheese,0,0,0,0,0,0,1,0,0,0,0,0,0,0
sardine,0,0,0,1,0,0,0,0,0,0,0,0,0,0
clams,0,0,0,0,0,0,0,0,0,0,0,0,0,1
fennel seeds,0,0,0,0,0,0,0,0,0,0,0,0,0,0
beef sausage,0,0,0,0,0,0,0,0,0,0,0,0,0,0
cannelloni,1,0,0,0,0,0,0,0,0,0,0,0,0,0
fennel,0,0,0,0,0,0,0,0,0,0,0,0,0,0
chantilly cream,0,0,0,0,0,0,1,0,0,0,0,0,0,0
rye bread,1,0,0,0,0,0,0,0,0,0,0,0,0,0
broth,0,0,0,0,0,0,0,0,0,0,0,0,0,0
laverbread,1,0,0,0,0,0,0,0,0,0,0,0,0,0
sea bream,0,0,0,1,0,0,0,0,0,0,0,0,0,0
nougat,0,0,0,0,0,0,0,1,0,0,0,0,0,0
sesame oil,0,0,0,0,0,0,0,0,0,0,1,0,0,0
shakshuka,0,0,1,0,0,0,0,0,0,0,0,0,0,0
shepherds pie,1,0,0,0,0,0,1,0,0,0,0,0,0,0
glucose,0,0,0,0,0,0,0,0,0,0,0,0,0,0
fruit brandy,0,0,0,0,0,0,0,0,0,0,0,0,0,0
sweet sherry,0,0,0,0,0,0,0,0,0,0,0,0,1,0
shortbread,1,0,0,0,0,0,0,0,0,0,0,0,0,0
shortcrust pastry,1,0,0,0,0,0,0,0,0,0,0,0,0,0
sichuan pepper,0,0,0,0,0,0,0,0,0,0,0,0,0,0
cognac,0,0,0,0,0,0,0,0,0,0,0,0,0,0
simnel cake,1,0,1,0,0,0,1,1,0,0,0,0,0,0
blackcurrant,0,0,0,0,0,0,0,0,0,0,0,0,0,0
curry powder,0,0,0,0,0,0,0,0,0,1,0,0,0,0
pate,0,0,0,0,0,0,1,0,0,0,0,0,0,0
ginger ale,0,0,0,0,0,0,0,0,0,0,0,0,0,0
beef sirloin,0,0,0,0,0,0,0,0,0,0,0,0,0,0
vegan cheese,0,0,0,0,0,0,0,0,0,0,0,0,0,0
chana dal,0,0,0,0,0,0,0,0,0,0,0,0,0,0
jelly,0,0,0,0,0,0,0,0,0,0,0,0,0,0
cream soda,0,0,0,0,0,0,0,0,0,0,0,0,0,0
sloe,0,0,0,0,0,0,0,0,0,0,0,0,0,0
sloe gin,0,0,0,0,0,0,0,0,0,0,0,0,0,0
kidney bean,0,0,0,0,0,0,0,0,0,0,0,0,0,0
veggie chilli,0,0,0,0,0,0,0,0,0,0,0,0,0,0
english mustard,0,0,0,0,0,0,0,0,0,1,0,0,0,0
beef,0,0,0,0,0,0,0,0,0,0,0,0,0,0
beef braising steak,0,0,0,0,0,0,0,0,0,0,0,0,0,0
lamb shank,0,0,0,0,0,0,0,0,0,0,0,0,0,0
red lentil,0,0,0,0,0,0,0,0,0,0,0,0,0,0
pulled pork,0,0,0,0,0,0,0,0,0,0,0,0,0,0
lamb stock,1,0,0,0,0,0,0,0,1,0,0,0,0,0
lamb broth,1,0,0,0,0,0,0,0,1,0,0,0,0,0
split peas,0,0,0,0,0,0,0,0,0,0,0,0,0,0
lamb,0,0,0,0,0,0,0,0,0,0,0,0,0,0
lamb shoulder,0,0,0,0,0,0,0,0,0,0,0,0,0,0
pork pie,1,0,0,0,0,0,1,0,0,0,0,0,0,0
avocado,0,0,0,0,0,0,0,0,0,0,0,0,0,0
smoked haddock,0,0,0,1,0,0,0,0,0,0,0,0,0,0
brown bread,1,0,0,0,0,0,0,0,0,0,0,0,0,0
mustard cress,0,0,0,0,0,0,0,0,0,1,0,0,0,0
smoked trout,0,0,0,1,0,0,0,0,0,0,0,0,0,0
smoked cheese,0,0,0,0,0,0,1,0,0,0,0,0,0,0
smoked mackerel,0,0,0,1,0,0,0,0,0,0,0,0,0,0
smoked salmon,0,0,0,1,0,0,0,0,0,0,0,0,0,0
chicken wing,0,0,0,0,0,0,0,0,0,0,0,0,0,0
ketchup,0,0,0,0,0,0,0,0,0,0,0,0,0,0
veggie burger,1,0,0,0,0,1,0,0,0,0,0,0,0,0
kohlrabi,0,0,0,0,0,0,0,0,0,0,0,0,0,0
pancetta,0,0,0,0,0,0,0,0,0,0,0,0,0,0
spaghetti carbonara,1,0,1,0,0,0,1,0,0,0,0,0,0,0
meatballs,0,0,0,0,0,0,0,0,0,0,0,0,0,0
swiss chard,0,0,0,0,0,0,0,0,0,0,0,0,0,0
spelt flour,1,0,0,0,0,0,0,0,0,0,0,0,0,0
spelt,1,0,0,0,0,0,0,0,0,0,0,0,0,0
apple chutney,0,0,0,0,0,0,0,0,0,0,0,0,0,0
stewing lamb,0,0,0,0,0,0,0,0,0,0,0,0,0,0
muscovado sugar,0,0,0,0,0,0,0,0,0,0,0,0,0,0
oats,1,0,0,0,0,0,0,0,0,0,0,0,0,0
haddock,0,0,0,1,0,0,0,0,0,0,0,0,0,0
macadamia nuts,0,0,0,0,0,0,0,1,0,0,0,0,0,0
pear,0,0,0,0,0,0,0,0,0,0,0,0,0,0
beef burger,0,0,0,0,0,0,0,0,0,0,0,0,0,0
sriracha,0,0,0,0,0,1,0,0,0,0,0,0,0,0
gochujang,0,0,0,0,0,1,0,0,0,0,0,0,0,0
pigeon peas,0,0,0,0,0,0,0,0,0,0,0,0,0,0
yellow lentil,0,0,0,0,0,0,0,0,0,0,0,0,0,0
dried mixed herbs,0,0,0,0,0,0,0,0,0,0,0,0,0,0
frittata,0,0,1,0,0,0,1,0,0,0,0,0,0,0
ravioli,1,0,1,0,0,0,1,0,0,0,0,0,0,0
ricotta cheese,0,0,0,0,0,0,1,0,0,0,0,0,0,0
caster sugar,0,0,0,0,0,0,0,0,0,0,0,0,0,0
sponge cake,1,0,1,0,0,0,1,0,0,0,0,0,0,0
spring greens,0,0,0,0,0,0,0,0,0,0,0,0,0,0
pigeon,0,0,0,0,0,0,0,0,0,0,0,0,0,0
squid,0,0,0,0,0,0,0,0,0,0,0,0,0,1
oatmeal,1,0,0,0,0,0,0,0,0,0,0,0,0,0
lamb kidney,0,0,0,0,0,0,0,0,0,0,0,0,0,0
kidney,0,0,0,0,0,0,0,0,0,0,0,0,0,0
steak and kidney pudding,1,0,1,0,0,0,1,0,0,0,0,0,0,0
pumpernickel bread,1,0,0,0,0,0,0,0,0,0,0,0,0,0
irish stout,1,0,0,0,0,0,0,0,0,0,0,1,0,0
peppercorn,0,0,0,0,0,0,0,0,0,0,0,0,0,0
steak,0,0,0,0,0,0,0,0,0,0,0,0,0,0
noodle salad,1,0,0,0,0,0,0,0,0,0,0,0,0,0
stem ginger,0,0,0,0,0,0,0,0,0,0,0,0,0,0
pork sausages,1,0,0,0,0,0,0,0,0,0,0,0,0,0
pork fillet,0,0,0,0,0,0,0,0,0,0,0,0,0,0
black treacle,0,0,0,0,0,0,0,0,0,0,0,0,0,0
date,0,0,0,0,0,0,0,0,0,0,0,0,0,0
sticky toffee pudding,1,0,1,0,0,0,1,0,0,0,0,0,0,0
blackbean sauce,0,0,0,0,0,1,0,0,0,0,0,0,0,0
strawberry jam,0,0,0,0,0,0,0,0,0,0,0,0,0,0
gelatine,0,0,1,0,0,0,0,0,0,0,0,0,0,0
black pudding,1,0,0,0,0,0,0,0,0,0,0,0,0,0
pomegranate,0,0,0,0,0,0,0,0,0,0,0,0,0,0
portobello mushrooms,0,0,0,0,0,0,0,0,0,0,0,0,0,0
sultanas,0,0,0,0,0,0,0,0,0,0,0,1,0,0
summer pudding,1,0,1,0,0,0,1,0,0,0,0,0,0,0
tayberry,0,0,0,0,0,0,0,0,0,0,0,0,0,0
gateau,1,0,1,0,0,0,1,0,0,0,0,0,0,0
feta cheese,0,0,0,0,0,0,1,0,0,0,0,0,0,0
amaretto,0,0,0,0,0,0,0,1,0,0,0,0,0,0
chervil,0,0,0,0,0,0,0,0,0,0,0,0,0,0
pea shoots,0,0,0,0,0,0,0,0,0,0,0,0,0,0
swede,0,0,0,0,0,0,0,0,0,0,0,0,0,0
fritters,1,0,1,0,0,0,0,0,0,0,0,0,0,0
vegetable oil,0,0,0,0,0,0,0,0,0,0,0,0,0,0
sweet potato,0,0,0,0,0,0,0,0,0,0,0,0,0,0
pork ribs,0,0,0,0,0,0,0,0,0,0,0,0,0,0
sweet and sour,0,0,0,0,0,0,0,0,0,0,0,0,0,0
soy sauce,0,0,0,0,0,1,0,0,0,0,0,0,0,0
fondue,0,0,0,0,0,0,1,0,0,0,0,0,0,0
syrup,0,0,0,0,0,0,0,0,0,0,0,0,0,0
cane syrup,0,0,0,0,0,0,0,0,0,0,0,0,0,0
pure cane syrup,0,0,0,0,0,0,0,0,0,0,0,0,0,0
tagliatelle,1,0,0,0,0,0,0,0,0,0,0,0,0,0
tahini,0,0,0,0,0,0,0,0,0,0,1,0,0,0
chaat masala,0,0,0,0,0,0,0,0,0,0,0,0,0,0
cardamom,0,0,0,0,0,0,0,0,0,0,0,0,0,0
dal,0,0,0,0,0,0,0,0,0,0,0,0,0,0
tarragon,0,0,0,0,0,0,0,0,0,0,0,0,0,0
emmental cheese,0,0,0,0,0,0,1,0,0,0,0,0,0,0
lardons,0,0,0,0,0,0,0,0,0,0,0,0,0,0
tarte tatin,1,0,1,0,0,0,1,0,0,0,0,0,0,0
clotted cream,0,0,0,0,0,0,1,0,0,0,0,0,0,0
scone,1,0,1,0,0,0,1,0,0,0,0,0,0,0
teriyaki sauce,0,0,0,0,0,1,0,0,0,0,0,0,0,0
pollock,0,0,0,1,0,0,0,0,0,0,0,0,0,0
coconut milk,0,0,0,0,0,0,0,0,0,0,0,0,0,0
sweetened coconut milk,0,0,0,0,0,0,0,0,0,0,0,0,0,0
unsweetened coconut milk,0,0,0,0,0,0,0,0,0,0,0,0,0,0
fish sauce,0,0,0,1,0,0,0,0,0,0,0,0,0,0
lemongrass,0,0,0,0,0,0,0,0,0,0,0,0,0,0
thai curry,0,0,0,0,0,0,0,0,0,0,0,0,0,0
gurnard,0,0,0,1,0,0,0,0,0,0,0,0,0,0
thai basil,0,0,0,0,0,0,0,0,0,0,0,0,0,0
thai chicken curry,0,0,0,0,0,0,0,0,0,0,0,0,0,0
white fish,0,0,0,1,0,0,0,0,0,0,0,0,0,0
chips,0,0,0,0,0,0,0,0,0,0,0,0,0,0
floury potato,0,0,0,0,0,0,0,0,0,0,0,0,0,0
jacket potato,0,0,0,0,0,0,0,0,0,0,0,0,0,0
omelette,0,0,1,0,0,0,0,0,0,0,0,0,0,0
demerara sugar,0,0,0,0,0,0,0,0,0,0,0,0,0,0
king edward potato,0,0,0,0,0,0,0,0,0,0,0,0,0,0
roast turkey,0,0,0,0,0,0,0,0,0,0,0,0,0,0
dragon fruit,0,0,0,0,0,0,0,0,0,0,0,0,0,0
dulce de leche,0,0,0,0,0,0,1,0,0,0,0,0,0,0
coffee liqueur,0,0,0,0,0,0,0,0,0,0,0,0,0,0
mascarpone cheese,0,0,0,0,0,0,1,0,0,0,0,0,0,0
tiramisu,1,0,1,0,0,0,1,0,0,0,0,0,0,0
toad in the hole,1,0,1,0,0,0,0,0,0,0,0,0,0,0
sponge pudding,1,0,1,0,0,0,1,0,0,0,0,0,0,0
tofu,0,0,0,0,0,1,0,0,0,0,0,0,0,0
tomato chutney,0,0,0,0,0,0,0,0,0,0,0,0,0,0
cherry tomatoes,0,0,0,0,0,0,0,0,0,0,0,0,0,0
tomato soup,0,0,0,0,0,0,0,0,0,0,0,0,0,0
fried chicken,1,0,1,0,0,0,0,0,0,0,0,0,0,0
thai soup,0,0,0,1,0,1,0,0,0,0,0,0,0,0
tortellini,1,0,1,0,0,0,1,0,0,0,0,0,0,0
wraps,1,0,0,0,0,0,0,0,0,0,0,0,0,0
sausage roll,1,0,1,0,0,0,0,0,0,0,0,0,0,0
passion fruit,0,0,0,0,0,0,0,0,0,0,0,0,0,0
christmas pudding,1,0,1,0,0,0,1,1,0,0,0,0,0,0
harissa,0,0,0,0,0,0,0,0,0,0,0,0,0,0
green bean,0,0,0,0,0,0,0,0,0,0,0,0,0,0
tuna tinned,0,0,0,1,0,0,0,0,0,0,0,0,0,0
fish cakes,1,0,0,1,0,0,0,0,0,0,0,0,0,0
turkey curry,0,0,0,0,0,0,0,0,0,0,0,0,0,0
turkey crown,0,0,0,0,0,0,0,0,0,0,0,0,0,0
turkish delight,0,0,0,0,0,0,0,0,0,0,0,0,0,0
rosewater,0,0,0,0,0,0,0,0,0,0,0,0,0,0
aleppo pepper,0,0,0,0,0,0,0,0,0,0,0,0,0,0
haricot bean,0,0,0,0,0,0,0,0,0,0,0,0,0,0
yoghurt,0,0,0,0,0,0,1,0,0,0,0,0,0,0
yogurt,0,0,0,0,0,0,1,0,0,0,0,0,0,0
rice noodle,0,0,0,0,0,0,0,0,0,0,0,0,0,0
panna cotta,0,0,0,0,0,0,1,0,0,0,0,0,0,0
annatto,0,0,0,0,0,0,0,0,0,0,0,0,0,0
vegan butter or spread,0,0,0,0,0,1,0,0,0,0,0,0,0,0
flaxseed,0,0,0,0,0,0,0,0,0,0,0,0,0,0
prune,0,0,0,0,0,0,0,0,0,0,0,0,0,0
aquafaba,0,0,0,0,0,0,0,0,0,0,0,0,0,0
nutritional yeast,0,0,0,0,0,0,0,0,0,0,0,0,0,0
mixed nuts,0,0,0,0,0,0,0,1,0,0,0,0,0,0
balsamic vinegar,0,0,0,0,0,0,0,0,0,0,0,0,0,0
chickpea flour,0,0,0,0,0,0,0,0,0,0,0,0,0,0
sunflower oil,0,0,0,0,0,0,0,0,0,0,0,0,0,0
string bean,0,0,0,0,0,0,0,0,0,0,0,0,0,0
quorn,0,0,0,0,0,1,0,0,0,0,0,0,0,0
vegetarian mince,0,0,0,0,0,1,0,0,0,0,0,0,0,0
yeast extract,0,0,0,0,0,0,0,0,0,0,0,0,0,0
baby corn,0,0,0,0,0,0,0,0,0,0,0,0,0,0
vegetarian sausage,0,0,0,0,0,1,0,0,0,0,0,0,0,0
frozen desserts,0,0,0,0,0,0,1,0,0,0,0,0,0,0
venison,0,0,0,0,0,0,0,0,0,0,0,0,0,0
jus,0,0,0,0,0,0,0,0,0,0,0,0,0,0
paprika,0,0,0,0,0,0,0,0,0,0,0,0,0,0
passata,0,0,0,0,0,0,0,0,0,0,0,0,0,0
mint,0,0,0,0,0,0,0,0,0,0,0,0,0,0
vodka cocktail,0,0,0,0,0,0,0,0,0,0,0,0,0,0
waffles,1,0,0,0,0,0,1,0,0,0,0,0,0,0
warm salad,0,0,0,0,0,0,0,0,0,0,0,0,0,0
dandelion,0,0,0,0,0,0,0,0,0,0,0,0,0,0
vinegar,0,0,0,0,0,0,0,0,0,0,0,0,0,0
orzo,1,0,0,0,0,0,0,0,0,0,0,0,0,0
watercress,0,0,0,0,0,0,0,0,0,0,0,0,0,0
watermelon,0,0,0,0,0,0,0,0,0,0,0,0,0,0
welsh cakes,1,0,0,0,0,0,1,0,0,0,0,0,0,0
whisky cocktail,0,0,0,0,0,0,0,0,0,0,0,0,0,0
white sauce,1,0,1,0,0,0,1,0,0,0,0,0,0,0
white chocolate,0,0,0,0,0,0,1,0,0,0,0,0,0,0
raspberry,0,0,0,0,0,0,0,0,0,0,0,0,0,0
wholemeal bread,1,0,0,0,0,0,1,0,0,0,0,0,0,0
sea bass,0,0,0,1,0,0,0,0,0,0,0,0,0,0
boar,0,0,0,0,0,0,0,0,0,0,0,0,0,0
wild garlic,0,0,0,0,0,0,0,0,0,0,0,0,0,0
cress,0,0,0,0,0,0,0,0,0,0,0,0,0,0
wild rice,0,0,0,0,0,0,0,0,0,0,0,0,0,0
green cabbage,0,0,0,0,0,0,0,0,0,0,0,0,0,0
walnut oil,0,0,0,0,0,0,0,1,0,0,0,0,0,0
turnip,0,0,0,0,0,0,0,0,0,0,0,0,0,0
udon noodles,1,0,0,0,0,0,0,0,0,0,0,0,0,0
curd cheese,0,0,0,0,0,0,1,0,0,0,0,0,0,0
yorkshire pudding,1,0,1,0,0,0,1,0,0,0,0,0,0,0
taco,1,0,0,0,0,0,0,0,0,0,0,0,0,0
lupin flour,0,0,0,0,0,0,0,0,0,0,0,0,1,0
lupin flakes,0,0,0,0,0,0,0,0,0,0,0,0,1,0
lupinus,0,0,0,0,0,0,0,0,0,0,0,0,1,0
lupine,0,0,0,0,0,0,0,0,0,0,0,0,1,0
lupini,0,0,0,0,0,0,0,0,0,0,0,0,1,0
lupinie beans,0,0,0,0,0,0,0,0,0,0,0,0,1,0
nutella,0,0,0,0,0,0,1,1,0,0,0,0,0,0
chocolate spread,0,0,0,0,0,1,1,1,0,0,0,0,0,0
hazelnut chocolate spread,0,0,0,0,0,0,1,1,0,0,0,0,0,0
ferrero rocher,1,0,0,0,0,0,1,1,0,0,0,0,0,0
coconut flakes,0,0,0,0,0,0,0,0,0,0,0,0,0,0
vegetable stock,0,0,0,0,0,0,0,0,1,0,0,0,0,0
vegetable broth,0,0,0,0,0,0,0,0,1,0,0,0,0,0
bouillon powder,0,0,0,0,0,0,0,0,1,0,0,0,0,0
vegetable bouillon,0,0,0,0,0,0,0,0,1,0,0,0,0,0
vegetable bouillon powder,0,0,0,0,0,0,0,0,1,0,0,0,0,0
bouillon cube,0,0,0,0,0,0,0,0,1,0,0,0,0,0
dried prune,0,0,0,0,0,0,0,0,0,0,0,1,0,0
dried strawberry,0,0,0,0,0,0,0,0,0,0,0,1,0,0
dried peach,0,0,0,0,0,0,0,0,0,0,0,1,0,0
dried pineapple,0,0,0,0,0,0,0,0,0,0,0,1,0,0
gluten free flour,0,0,0,0,0,0,0,0,0,0,0,0,0,0
gluten free oat flour,0,0,0,0,0,0,0,0,0,0,0,0,0,0
vegan butter,0,0,0,0,0,1,0,0,0,0,0,0,0,0
vegan milk,0,0,0,0,0,1,0,0,0,0,0,0,0,0
vegan cheese,0,0,0,0,0,1,0,0,0,0,0,0,0,0
vegan chocolate,0,0,0,0,0,1,0,0,0,0,0,0,0,0
vegan chocolate chip,0,0,0,0,0,1,0,0,0,0,0,0,0,0
honeycrisp apple,0,0,0,0,0,0,0,0,0,0,0,0,0,0
takoyaki,1,1,1,1,0,0,0,0,0,0,1,1,0,1
preservative,0,0,0,0,0,0,0,0,0,0,0,1,0,0
baileys irish cream,0,0,0,0,0,0,1,0,0,0,0,0,0,0
smirnoff espresso,0,0,0,0,0,0,1,0,0,0,0,0,0,0
stones ginger wine,0,0,0,0,0,0,0,0,0,0,0,1,0,0
bullet vodka mix,0,0,0,0,0,0,0,0,0,0,0,1,0,0
crabbies cloudy zesty lemonade,0,0,0,0,0,0,0,0,0,0,0,1,0,0
crabbies scottish raspberry,0,0,0,0,0,0,0,0,0,0,0,1,0,0
crabbies ginger beer,0,0,0,0,0,0,0,0,0,0,0,1,0,0
crabbies strawberry and lime,0,0,0,0,0,0,0,0,0,0,0,1,0,0
jeremiah weed root brew,0,0,0,0,0,0,0,0,0,0,0,1,0,0
jeremiah weed sour mash,0,0,0,0,0,0,0,0,0,0,0,1,0,0
martini,0,0,0,0,0,0,0,0,0,0,0,1,0,0
zubrowka vodka,1,0,0,0,0,0,0,0,0,0,0,0,0,0
glenmorangie original,1,0,0,0,0,0,0,0,0,0,0,0,0,0
j&b rare,1,0,0,0,0,0,0,0,0,0,0,0,0,0
tequila rose,0,0,0,0,0,1,1,0,0,0,0,0,0,0
tequila rose strawberry,0,0,0,0,0,1,1,0,0,0,0,0,0,0
warnicks advocaat,0,0,1,0,0,0,0,0,0,0,0,0,0,0
white rum,0,0,0,0,0,0,0,0,0,0,0,1,0,0
peeled ginger,0,0,0,0,0,0,0,0,0,0,0,0,0,0
sliced ginger,0,0,0,0,0,0,0,0,0,0,0,0,0,0
pearl onions,0,0,0,0,0,0,0,0,0,0,0,0,0,0
frozen pearl onions,0,0,0,0,0,0,0,0,0,0,0,0,0,0
matcha,0,0,0,0,0,0,0,0,0,0,0,0,0,0
matcha powder,0,0,0,0,0,0,0,0,0,0,0,0,0,0
matcha tea,0,0,0,0,0,0,0,0,0,0,0,0,0,0
matcha milk tea,0,0,0,0,0,0,1,0,0,0,0,0,0,0
matcha ice cream,0,0,0,0,0,0,1,0,0,0,0,0,0,0
hot water,0,0,0,0,0,0,0,0,0,0,0,0,0,0
warm water,0,0,0,0,0,0,0,0,0,0,0,0,0,0
cold water,0,0,0,0,0,0,0,0,0,0,0,0,0,0
knob of butter,0,0,0,0,0,0,1,0,0,0,0,0,0,0
burger bun,1,0,1,0,0,0,1,0,0,0,1,0,0,0
hot dog bun,1,0,1,0,0,0,1,0,0,0,1,0,0,0
brioche,1,0,1,0,0,0,1,0,0,0,0,0,0,0
bbq sauce,0,0,0,1,0,0,0,0,0,0,0,1,0,0
barbecue sauce,0,0,0,1,0,0,0,0,0,0,0,1,0,0
buffalo mozzarella,0,0,0,0,0,0,1,0,0,0,0,0,0,0
vegetarian buffalo mozzarella,0,0,0,0,0,0,1,0,0,0,0,0,0,0
lasagna,1,0,1,0,0,0,1,0,0,0,0,0,0,0
lasagna sheet,1,0,1,0,0,0,1,0,0,0,0,0,0,0
wholewheat lasagne sheet,1,0,1,0,0,0,1,0,0,0,0,0,0,0
ranch seasoning,0,0,0,0,0,0,1,0,0,1,0,1,0,0
queso fresco,0,0,0,0,0,0,1,0,0,0,0,0,0,0
bell pepper,0,0,0,0,0,0,0,0,0,0,0,0,0,0
yellow pepper,0,0,0,0,0,0,0,0,0,0,0,0,0,0
red pepper,0,0,0,0,0,0,0,0,0,0,0,0,0,0
green pepper,0,0,0,0,0,0,0,0,0,0,0,0,0,0
yellow bell pepper,0,0,0,0,0,0,0,0,0,0,0,0,0,0
red bell pepper,0,0,0,0,0,0,0,0,0,0,0,0,0,0
green bell pepper,0,0,0,0,0,0,0,0,0,0,0,0,0,0
salted butter,0,0,0,0,0,0,1,0,0,0,0,0,0,0
crême fraîche,0,0,0,0,0,0,1,0,0,0,0,0,0,0
evaporated oat milk,0,0,0,0,0,0,0,0,0,0,0,0,0,0
condensed oat milk,0,0,0,0,0,0,0,0,0,0,0,0,0,0
sweetened condensed oat milk,0,0,0,0,0,0,0,0,0,0,0,0,0,0
frozen pea,0,0,0,0,0,0,0,0,0,0,0,0,0,0
garden pea,0,0,0,0,0,0,0,0,0,0,0,0,0,0
fish cake,0,0,0,1,0,0,0,0,0,0,0,0,0,0
thai fish cake,0,0,0,1,0,0,0,0,0,0,0,0,0,0
kecap manis,0,0,0,0,0,1,0,0,0,0,0,0,0,0
dried chestnut,0,0,0,0,0,0,0,1,0,0,0,0,0,0
salted caramel fudge,0,0,0,0,0,0,1,0,0,0,0,0,0,0
marshmallows,0,0,0,0,0,0,0,0,0,0,0,0,0,0
caramel fudge,0,0,0,0,0,0,1,0,0,0,0,0,0,0
candy cane,0,0,0,0,0,0,0,0,0,0,0,0,0,0
ground white pepper,0,0,0,0,0,0,0,0,0,0,0,0,0,0
ground black pepper,0,0,0,0,0,0,0,0,0,0,0,0,0,0